doctor_id,first_name,last_name,specialization,phone_number,email
1,Cesaro,De Brett,Vascular Surgeon,801-768-2048,cdebrett0@businessinsider.com
2,Orel,Waddam,Urologist,925-604-4650,owaddam1@ifeng.com
3,Grethel,Feldstern,Blood thinners,800-333-3195,gfeldstern2@quantcast.com
4,Dacy,Bruggeman,Hematologist,687-716-4503,dbruggeman3@quantcast.com
5,Agna,Gwinnett,Psychiatrist,399-960-5493,agwinnett4@amazon.co.uk
6,Wanda,Tutchings,Rheumatologist,362-631-2373,wtutchings5@nsw.gov.au
7,Skye,Gillingham,Antipsychotics,548-690-4008,sgillingham6@51.la
8,Celisse,Tout,Nephrologist,725-486-1068,ctout7@e-recht24.de
9,Dominic,Hanselmann,Anticonvulsants,111-575-5839,dhanselmann8@seesaa.net
10,Willey,Hartshorne,Diuretics,341-922-5818,whartshorne9@t-online.de
11,Ernestus,Maxstead,Pulmonologist,424-417-6618,emaxsteada@dmoz.org
12,Donalt,Duce,Gastroenterologist,110-767-7521,dduceb@wiley.com
13,Mickie,Racher,General Practitioner,148-731-5950,mracherc@pcworld.com
14,Mersey,Gerish,Nose,265-618-8787,mgerishd@wufoo.com
15,Dodi,Clews,Urologist,250-149-8457,dclewse@pcworld.com
16,Maisey,Segrott,nalgesics,957-924-9758,msegrottf@baidu.com
17,Derward,Sawer,Antihistamines,336-343-3501,dsawerg@squarespace.com
18,Odetta,Kinig,Podiatrist,488-832-3445,okinigh@deviantart.com
19,Carly,Glasser,Podiatrist,769-543-6038,cglasseri@smugmug.com
20,Emilie,Edwick,Infectious Disease Specialist,349-479-1155,eedwickj@blogspot.com
21,Sergio,Casserly,Pediatrician,761-320-2696,scasserlyk@howstuffworks.com
22,Tera,Esmead,Antipsychotics,398-684-8795,tesmeadl@4shared.com
23,Minny,Nicklen,Antibiotics,743-485-3975,mnicklenm@360.cn
24,Nathalie,Milnes,Infectious Disease Specialist,318-303-7480,nmilnesn@dot.gov
25,Joeann,Limming,Chiropractor,624-305-9591,jlimmingo@cornell.edu
26,Ardine,Delagnes,Plastic Surgeon,504-416-5731,adelagnesp@newyorker.com
27,Cyrille,Simonato,Family Medicine,397-389-5234,csimonatoq@narod.ru
28,Lindy,Silburn,Gastroenterologist,370-556-0536,lsilburnr@surveymonkey.com
29,Adey,Dowse,Psychiatrist,280-572-7340,adowses@altervista.org
30,Blinni,Maxwaile,Rheumatologist,314-888-2321,bmaxwailet@pagesperso-orange.fr
31,Eziechiele,McGunley,Infectious Disease Specialist,143-862-5967,emcgunleyu@cdbaby.com
32,Carling,Clarey,Obstetrician,243-168-4419,cclareyv@t-online.de
33,Benjamen,Klimkin,Hematologist,657-507-8884,bklimkinw@utexas.edu
34,Tamera,Bunston,Statins,266-218-4518,tbunstonx@cisco.com
35,Bruis,Dykins,ENT Specialist (Ear,835-276-0184,bdykinsy@kickstarter.com
36,Joycelin,Shortall,Nose,663-545-9265,jshortallz@gmpg.org
37,Miriam,Hembery,Antibiotics,614-476-0313,mhembery10@illinois.edu
38,Appolonia,Dafforne,Hematologist,439-623-1935,adafforne11@house.gov
39,Nick,Ravenhill,Immunologistals,159-147-0092,nravenhill12@engadget.com
40,Betteanne,Bahia,Oncologist,184-438-9805,bbahia13@woothemes.com
41,Yolande,Georgeou,Gynecologist,554-351-3214,ygeorgeou14@aboutads.info
42,Isac,Cristea,Antacids,266-170-9723,icristea15@house.gov
43,Liam,Shimmans,Plastic Surgeon,378-915-4978,lshimmans16@xinhuanet.com
44,Eugenius,Warricker,Vitamins & Supplements,264-272-7699,ewarricker17@apple.com
45,Zsa zsa,Whordley,Antihypertensives,657-414-4597,zwhordley18@blogger.com
46,Griffin,Allott,Immunosuppressants,214-676-2541,gallott19@sourceforge.net
47,Jerrine,Vaszoly,Insulin,650-819-7109,jvaszoly1a@istockphoto.com
48,Freddie,Branchet,Pediatrician,139-646-3073,fbranchet1b@craigslist.org
49,Chrisy,Knighton,Insulin,456-636-8411,cknighton1c@is.gd
50,Dorry,Ridpath,Antibiotics,672-289-0264,dridpath1d@who.int
51,Linnet,Planks,Chiropractor,503-936-7724,lplanks1e@ftc.gov
52,Galvin,Gonning,Vascular Surgeon,630-352-1225,ggonning1f@scribd.com
53,Doralia,Bosma,Urologist,463-190-4086,dbosma1g@last.fm
54,Adelina,O'Criane,Nephrologist,706-636-5897,aocriane1h@technorati.com
55,Zorine,Kenneford,Antidepressants,263-357-3032,zkenneford1i@samsung.com
56,Rich,Jenner,Antihistamines,219-411-6871,rjenner1j@sourceforge.net
57,Efren,Fuente,Antihypertensives,957-843-0290,efuente1k@kickstarter.com
58,Fred,Tinner,Vascular Surgeon,436-163-0859,ftinner1l@wordpress.org
59,Krishnah,Sends,Blood thinners,105-299-9345,ksends1m@xrea.com
60,Far,Rogier,Plastic Surgeon,864-764-3670,frogier1n@cdbaby.com
61,Garreth,Leary,nalgesics,407-657-4141,gleary1o@seesaa.net
62,Agnese,Dorwood,Vascular Surgeon,650-957-7151,adorwood1p@163.com
63,Pascal,Treamayne,Antibiotics,325-835-9704,ptreamayne1q@icq.com
64,Hedda,Penticoot,Neurologist,184-348-6022,hpenticoot1r@exblog.jp
65,Myrle,Leyfield,General Practitioner,933-938-6785,mleyfield1s@taobao.com
66,Reinhard,Prestidge,AntivirCardiologist,611-997-4444,rprestidge1t@disqus.com
67,Callean,Foley,Chiropractor,765-440-2062,cfoley1u@dedecms.com
68,Eduard,Oneile,AntivirCardiologist,421-241-6520,eoneile1v@microsoft.com
69,Kimberlee,Dreghorn,Pediatrician,486-556-7322,kdreghorn1w@unblog.fr
70,Lorita,Millam,Corticosteroids,625-945-7173,lmillam1x@jiathis.com
71,Rhonda,Keilloh,Antifungals,605-894-1562,rkeilloh1y@dell.com
72,Fanchette,Valenta,Antipsychotics,907-479-5090,fvalenta1z@youku.com
73,Pooh,Fallawe,Antacids,630-180-7271,pfallawe20@squidoo.com
74,Hollis,Iacobini,Gastroenterologist,922-349-3603,hiacobini21@goo.gl
75,Brooke,McGaugey,Orthopedic Surgeon,880-822-1214,bmcgaugey22@intel.com
76,Eldridge,Dauney,Plastic Surgeon,979-968-4005,edauney23@mit.edu
77,Zollie,Sawkins,Antihistamines,348-802-7026,zsawkins24@bloglines.com
78,Enriqueta,Millmoe,Ophthalmologist,143-242-6935,emillmoe25@examiner.com
79,Raffarty,Liddyard,Proton Pump Inhibitors (PPIs),302-952-2129,rliddyard26@vistaprint.com
80,Washington,Hayer,ENT Specialist (Ear,197-100-9571,whayer27@imgur.com
81,Arnoldo,Bilborough,Obstetrician,971-284-7519,abilborough28@npr.org
82,Terry,Philipeaux,Throat),814-807-5964,tphilipeaux29@cdbaby.com
83,Arne,Tidswell,Urologist,711-786-3487,atidswell2a@omniture.com
84,Evvie,Moynihan,Radiologist,189-248-7261,emoynihan2b@jiathis.com
85,Wes,Dudhill,Neurologist,520-782-9391,wdudhill2c@dot.gov
86,Glynis,Fortey,Urologist,552-866-3792,gfortey2d@opensource.org
87,Kane,Paik,Antidepressants,527-186-4147,kpaik2e@canalblog.com
88,Ermin,Chamney,Antibiotics,694-905-1681,echamney2f@typepad.com
89,Prince,Mollon,Pulmonologist,884-959-2845,pmollon2g@cnbc.com
90,Rod,Blasius,Infectious Disease Specialist,218-449-9484,rblasius2h@vk.com
91,Kenny,Goathrop,Antibiotics,135-371-9074,kgoathrop2i@amazon.de
92,Easter,Minister,Orthopedic Surgeon,453-190-8489,eminister2j@addtoany.com
93,Rae,Gustus,Gastroenterologist,311-977-3765,rgustus2k@pagesperso-orange.fr
94,Salim,Gotter,Infectious Disease Specialist,490-529-1890,sgotter2l@europa.eu
95,Loydie,Yourell,Antidepressants,669-866-9245,lyourell2m@dagondesign.com
96,Robyn,Furmston,Antacids,838-350-4344,rfurmston2n@yandex.ru
97,Maggee,Kesten,Nephrologist,960-138-4568,mkesten2o@hp.com
98,Chandal,Catterson,Oncologist,633-341-2839,ccatterson2p@foxnews.com
99,Kerry,Jiricka,Hormones,775-958-1687,kjiricka2q@chron.com
100,Corrina,Ayrton,Dermatologist,180-877-6316,cayrton2r@mail.ru
101,Eveleen,Batrop,Plastic Surgeon,971-349-0856,ebatrop2s@altervista.org
102,Tisha,Kleinfeld,Blood thinners,465-651-3033,tkleinfeld2t@gravatar.com
103,Leora,Dunthorn,Diuretics,663-994-9539,ldunthorn2u@fc2.com
104,Lacee,Salkeld,Immunosuppressants,583-726-2818,lsalkeld2v@histats.com
105,Natalee,Edmonston,Hematologist,690-890-1972,nedmonston2w@hao123.com
106,Scotti,Fassum,Nephrologist,885-717-6592,sfassum2x@infoseek.co.jp
107,Zia,Beirne,Immunosuppressants,396-457-3553,zbeirne2y@npr.org
108,Sallee,Duce,Infectious Disease Specialist,457-239-2485,sduce2z@intel.com
109,Ursula,Haws,Pulmonologist,862-316-3965,uhaws30@gov.uk
110,Isabel,Tunniclisse,Proton Pump Inhibitors (PPIs),210-459-1834,itunniclisse31@webmd.com
111,Axel,Collard,Anticonvulsants,495-103-9562,acollard32@usa.gov
112,Devlin,Hanscomb,Plastic Surgeon,279-580-0684,dhanscomb33@utexas.edu
113,Lurline,Dummer,Ophthalmologist,703-852-3336,ldummer34@over-blog.com
114,Sherill,Masdin,Urologist,617-821-4200,smasdin35@google.ca
115,Augusto,Matzl,Antacids,429-493-9020,amatzl36@amazon.co.uk
116,Karleen,Izakson,Antibiotics,865-140-2768,kizakson37@cocolog-nifty.com
117,Percy,Lester,Insulin,121-648-3660,plester38@bandcamp.com
118,Rog,Beneyto,Psychiatrist,436-391-0709,rbeneyto39@japanpost.jp
119,Reggy,Hanford,Ophthalmologist,631-114-3067,rhanford3a@soup.io
120,Hunter,Wooffinden,Antibiotics,344-133-7900,hwooffinden3b@mapy.cz
121,Jere,Tuplin,Endocrinologist,304-456-4870,jtuplin3c@is.gd
122,Marigold,Waud,Insulin,661-134-9538,mwaud3d@netlog.com
123,Felic,Kenen,Vascular Surgeon,461-181-7145,fkenen3e@amazon.co.jp
124,Freda,Ayars,Nose,685-222-9072,fayars3f@indiatimes.com
125,Teresina,Jacks,Immunologistals,383-273-4545,tjacks3g@soundcloud.com
126,Harvey,Klampt,Antacids,944-719-4361,hklampt3h@army.mil
127,Jedd,Ginger,Pathologist,744-354-1517,jginger3i@yahoo.co.jp
128,Gert,Spurdens,Ophthalmologist,152-936-2741,gspurdens3j@amazon.de
129,Ichabod,Palk,Corticosteroids,403-199-3580,ipalk3k@exblog.jp
130,Rodge,Bidewel,Nephrologist,429-939-5802,rbidewel3l@wunderground.com
131,Rey,Balsom,Diuretics,500-315-0224,rbalsom3m@sun.com
132,Pippo,Ygou,Urologist,313-832-1563,pygou3n@bandcamp.com
133,Chancey,Miquelet,Gynecologist,635-878-9145,cmiquelet3o@pcworld.com
134,Fiorenze,Shergill,Statins,913-967-8882,fshergill3p@telegraph.co.uk
135,Becki,Blaby,Insulin,763-281-9534,bblaby3q@google.es
136,Nigel,Revely,Podiatrist,920-589-3048,nrevely3r@devhub.com
137,Maynard,Perrin,Antihistamines,192-235-1123,mperrin3s@weebly.com
138,Berne,Lippiatt,Antibiotics,432-904-0462,blippiatt3t@plala.or.jp
139,Kari,Alabone,Pulmonologist,799-645-9909,kalabone3u@goo.gl
140,Aubrey,Malan,Psychiatrist,185-998-1979,amalan3v@ucsd.edu
141,Stewart,Boyd,Vitamins & Supplements,535-311-2004,sboyd3w@apple.com
142,Francisca,Mulvy,AntivirCardiologist,912-135-7020,fmulvy3x@constantcontact.com
143,Eloisa,Apfel,Hormones,225-568-6428,eapfel3y@yale.edu
144,Nicky,Winterton,Pulmonologist,605-636-6242,nwinterton3z@alibaba.com
145,Lelia,MacKaig,Pathologist,982-610-1083,lmackaig40@sohu.com
146,Killian,Joye,Pathologist,785-696-4526,kjoye41@4shared.com
147,Ara,Spellacey,Dermatologist,441-861-7242,aspellacey42@businessinsider.com
148,Bradney,Gyorgy,Chiropractor,722-785-8423,bgyorgy43@newyorker.com
149,Rosabel,Caldow,Psychiatrist,436-657-6101,rcaldow44@prweb.com
150,Barret,MacAllister,Neurologist,139-743-9981,bmacallister45@bing.com
151,Dennison,Pechard,Endocrinologist,945-123-5015,dpechard46@chron.com
152,Austine,Bulpitt,Antidepressants,432-706-2265,abulpitt47@whitehouse.gov
153,Reece,Flawith,Chiropractor,503-499-1842,rflawith48@123-reg.co.uk
154,Victoir,Finkle,Surgeon,681-894-8540,vfinkle49@devhub.com
155,Christean,Scandwright,Antacids,333-172-1740,cscandwright4a@buzzfeed.com
156,Veradis,Nottle,Infectious Disease Specialist,441-654-0588,vnottle4b@mediafire.com
157,Lothario,Tardiff,Pathologist,343-975-6292,ltardiff4c@flavors.me
158,Cordi,De Blasi,Diuretics,775-493-4204,cdeblasi4d@pagesperso-orange.fr
159,Kaine,Ronald,Proton Pump Inhibitors (PPIs),904-485-0440,kronald4e@washingtonpost.com
160,Arty,Arzu,Immunosuppressants,116-634-1351,aarzu4f@google.it
161,Melodee,Derycot,Throat),413-313-1420,mderycot4g@feedburner.com
162,Keith,Ensley,Immunosuppressants,864-471-0861,kensley4h@imdb.com
163,Tandy,Dametti,nalgesics,728-789-8811,tdametti4i@home.pl
164,Alfy,Stealy,Endocrinologist,496-747-5920,astealy4j@noaa.gov
165,Vida,Keilloh,Bronchodilators,102-867-3447,vkeilloh4k@joomla.org
166,Wilmar,Williamson,Pathologist,794-633-2358,wwilliamson4l@1688.com
167,Stanton,Kennedy,Infectious Disease Specialist,227-362-0336,skennedy4m@smh.com.au
168,Damon,Proom,Antacids,848-484-2937,dproom4n@aboutads.info
169,Brock,Tomczykowski,Hormones,603-684-9041,btomczykowski4o@imgur.com
170,Charlot,Gallichiccio,Podiatrist,264-736-3553,cgallichiccio4p@free.fr
171,Dayle,Collyns,Antacids,341-808-0286,dcollyns4q@furl.net
172,Jill,Pescott,Plastic Surgeon,471-393-5320,jpescott4r@sbwire.com
173,Daniel,Lithgow,Orthopedic Surgeon,512-166-5938,dlithgow4s@qq.com
174,Cody,Newhouse,Hormones,990-391-1700,cnewhouse4t@gravatar.com
175,Nevil,Hovie,Neurologist,244-783-5416,nhovie4u@prnewswire.com
176,Iago,Lowey,nalgesics,852-161-6778,ilowey4v@oracle.com
177,Vanya,Tanti,Nose,742-545-2923,vtanti4w@vimeo.com
178,Evey,Sweetman,Nose,726-920-4093,esweetman4x@eepurl.com
179,Katharine,Langdale,Throat),833-799-5991,klangdale4y@usa.gov
180,Jerad,Patzelt,ENT Specialist (Ear,527-210-5149,jpatzelt4z@netlog.com
181,Nahum,Strongman,Infectious Disease Specialist,460-813-9449,nstrongman50@imageshack.us
182,Josefa,Beebe,Nose,232-452-8469,jbeebe51@washington.edu
183,Isacco,Rambaut,Ophthalmologist,426-922-3373,irambaut52@fastcompany.com
184,Dean,Nemchinov,Ophthalmologist,529-221-5451,dnemchinov53@nymag.com
185,Shay,Mustoe,Immunologistals,720-368-1122,smustoe54@surveymonkey.com
186,Jordanna,Blampied,Hematologist,273-553-3104,jblampied55@hostgator.com
187,Raina,Erskine Sandys,AntivirCardiologist,988-349-8137,rerskinesandys56@nyu.edu
188,Brita,Goscomb,Nose,798-486-6899,bgoscomb57@odnoklassniki.ru
189,Kylila,Iowarch,Antidepressants,511-640-4133,kiowarch58@wufoo.com
190,Heinrik,Tinto,nalgesics,536-833-1202,htinto59@mlb.com
191,Sula,Miall,Nephrologist,111-538-2128,smiall5a@nationalgeographic.com
192,Wye,Devennie,Antihistamines,236-704-6831,wdevennie5b@weebly.com
193,Jake,Mecchi,AntivirCardiologist,699-268-4148,jmecchi5c@webeden.co.uk
194,Minnie,Whiting,Proton Pump Inhibitors (PPIs),519-285-0124,mwhiting5d@nsw.gov.au
195,Bancroft,Ekell,Ophthalmologist,955-248-0462,bekell5e@phoca.cz
196,Jordana,Moorfield,Orthopedic Surgeon,956-587-5428,jmoorfield5f@washingtonpost.com
197,Calvin,Gillbee,Rheumatologist,840-772-2135,cgillbee5g@nps.gov
198,Danya,Aslie,Endocrinologist,182-504-7608,daslie5h@nasa.gov
199,Jock,Lamport,AntivirCardiologist,602-983-5463,jlamport5i@digg.com
200,Jocelyne,Duberry,Nephrologist,403-497-3600,jduberry5j@discuz.net
201,Northrop,Mulvany,Pathologist,297-106-1417,nmulvany5k@usa.gov
202,Alma,Goodlett,Endocrinologist,222-213-3566,agoodlett5l@youku.com
203,Barbi,Matuska,Orthopedic Surgeon,449-818-4379,bmatuska5m@instagram.com
204,Petronilla,Culshaw,Chiropractor,157-424-1256,pculshaw5n@blogspot.com
205,Pammie,Killock,Throat),204-724-6008,pkillock5o@jiathis.com
206,Leslie,Andrault,Vascular Surgeon,507-991-8840,landrault5p@prnewswire.com
207,Phebe,Poytres,Anticonvulsants,501-271-4889,ppoytres5q@zimbio.com
208,Brade,Lackner,Nose,439-610-3554,blackner5r@oracle.com
209,Leicester,Swateridge,Blood thinners,619-142-2217,lswateridge5s@plala.or.jp
210,Felicio,Rossbrook,Hormones,768-574-2592,frossbrook5t@google.pl
211,Forrester,Grundy,Insulin,328-462-1962,fgrundy5u@altervista.org
212,Wakefield,Holdron,Neurologist,354-445-4045,wholdron5v@wufoo.com
213,Darya,Collinson,Insulin,603-430-5569,dcollinson5w@icio.us
214,Ringo,Santos,Urologist,998-665-8108,rsantos5x@dyndns.org
215,Buffy,Mulcahy,Urologist,254-893-9649,bmulcahy5y@constantcontact.com
216,Berty,O' Neligan,Psychiatrist,344-192-0232,boneligan5z@europa.eu
217,Van,Ragbourn,Pediatrician,670-486-1818,vragbourn60@livejournal.com
218,Amy,Phippard,Proton Pump Inhibitors (PPIs),958-269-8300,aphippard61@ocn.ne.jp
219,Janka,Whiten,Blood thinners,925-574-3237,jwhiten62@constantcontact.com
220,Fredelia,Raithbie,Ophthalmologist,161-888-0293,fraithbie63@youtube.com
221,Ardath,Gibbie,Diuretics,493-884-7341,agibbie64@sohu.com
222,Elinor,Larrosa,Oncologist,616-963-3345,elarrosa65@wikia.com
223,Rogers,Ayto,Antihypertensives,226-372-6540,rayto66@slideshare.net
224,Nataniel,Martinets,Hormones,353-141-3043,nmartinets67@utexas.edu
225,Constantin,Houseley,Antidepressants,413-312-6780,chouseley68@berkeley.edu
226,Cherilyn,Crome,Immunologistals,489-320-1134,ccrome69@biglobe.ne.jp
227,Elora,Esson,Antibiotics,756-431-0875,eesson6a@1und1.de
228,Vikki,Tocknell,Hematologist,145-245-8836,vtocknell6b@prnewswire.com
229,Sissy,Kibblewhite,ENT Specialist (Ear,199-316-6801,skibblewhite6c@army.mil
230,Almira,Tearny,Statins,341-295-3722,atearny6d@multiply.com
231,Clemmy,Crummie,AntivirCardiologist,606-973-7023,ccrummie6e@dedecms.com
232,Bryn,Cremins,Proton Pump Inhibitors (PPIs),267-219-3866,bcremins6f@seesaa.net
233,Kiley,Asgodby,ENT Specialist (Ear,122-945-7063,kasgodby6g@sina.com.cn
234,Karoly,Gepson,Surgeon,552-627-4782,kgepson6h@illinois.edu
235,Baxter,Kenset,Rheumatologist,112-616-5557,bkenset6i@baidu.com
236,Irvin,Asipenko,Immunosuppressants,701-650-7257,iasipenko6j@wordpress.org
237,Mariska,Vearnals,Pediatrician,876-155-8970,mvearnals6k@statcounter.com
238,Mella,Ramme,Antihistamines,735-339-4752,mramme6l@smh.com.au
239,Gilbertine,MacQuarrie,Pathologist,656-801-0665,gmacquarrie6m@nydailynews.com
240,Ginnie,Egdale,Surgeon,105-795-4783,gegdale6n@csmonitor.com
241,Alexandros,Leyden,Blood thinners,901-675-2197,aleyden6o@nymag.com
242,Donny,Spraging,Antibiotics,235-509-2839,dspraging6p@parallels.com
243,Malvina,Grasser,Insulin,982-523-0125,mgrasser6q@vistaprint.com
244,Yul,Garken,Pulmonologist,734-489-9857,ygarken6r@npr.org
245,Mela,Sends,Antacids,907-978-4645,msends6s@arizona.edu
246,Aubrey,Ungerecht,Orthopedic Surgeon,410-578-4918,aungerecht6t@163.com
247,Dani,Wratten,Oncologist,569-343-2166,dwratten6u@theguardian.com
248,Garfield,Sandison,Pulmonologist,791-465-3248,gsandison6v@wisc.edu
249,Gerti,Glassborow,nalgesics,823-996-2426,gglassborow6w@diigo.com
250,Dale,Cicchinelli,Psychiatrist,528-812-6815,dcicchinelli6x@fda.gov
251,Corri,Gunning,Hematologist,279-472-7126,cgunning6y@virginia.edu
252,Filmer,Edwicker,Anesthesiologist,541-735-8719,fedwicker6z@angelfire.com
253,Evyn,Anster,General Practitioner,771-932-5690,eanster70@unblog.fr
254,Jenica,Seeger,Nose,128-760-3553,jseeger71@homestead.com
255,Tina,Hinckley,Podiatrist,303-404-9398,thinckley72@sun.com
256,Frazier,Yarker,Antibiotics,872-642-9676,fyarker73@gizmodo.com
257,Zora,Turmel,Antihypertensives,631-457-4549,zturmel74@quantcast.com
258,Maison,Buzzing,Pathologist,778-843-3111,mbuzzing75@privacy.gov.au
259,Sella,Sawart,Psychiatrist,105-607-8494,ssawart76@tinypic.com
260,Nancy,Ackroyd,Dermatologist,963-583-3114,nackroyd77@geocities.com
261,Stacee,Twoohy,Antacids,801-802-8317,stwoohy78@fema.gov
262,Jobye,Grumbridge,Endocrinologist,546-202-0271,jgrumbridge79@house.gov
263,Marylou,Eddis,Podiatrist,256-717-6543,meddis7a@dropbox.com
264,Stefania,Freschi,Proton Pump Inhibitors (PPIs),710-878-8509,sfreschi7b@ehow.com
265,Lottie,MacGragh,Antacids,115-200-0938,lmacgragh7c@twitpic.com
266,Brear,McGray,General Practitioner,783-865-1338,bmcgray7d@homestead.com
267,Trudy,Carles,Infectious Disease Specialist,869-436-9250,tcarles7e@dion.ne.jp
268,Selinda,Snawden,Family Medicine,621-322-7801,ssnawden7f@dropbox.com
269,Mel,Cuddy,Obstetrician,322-374-5972,mcuddy7g@chron.com
270,Dudley,Vaughton,Obstetrician,271-726-6066,dvaughton7h@telegraph.co.uk
271,Grant,Sang,Hormones,813-758-8658,gsang7i@mit.edu
272,Constantino,Glencros,Anesthesiologist,176-193-3151,cglencros7j@theglobeandmail.com
273,Benoit,Fripp,Hematologist,524-838-5568,bfripp7k@examiner.com
274,Hartwell,Aldwich,Nose,879-252-8896,haldwich7l@google.nl
275,Alessandra,Tomankiewicz,Urologist,440-576-0507,atomankiewicz7m@forbes.com
276,Ivory,Leyland,General Practitioner,823-137-7081,ileyland7n@indiatimes.com
277,Mordecai,Braund,Nephrologist,435-327-6037,mbraund7o@sciencedaily.com
278,Grier,Brislan,Radiologist,195-396-1662,gbrislan7p@delicious.com
279,Ephraim,Cordero,Vitamins & Supplements,866-665-1348,ecordero7q@cpanel.net
280,Arlana,Fusedale,Pulmonologist,911-216-2805,afusedale7r@domainmarket.com
281,Rhona,Claydon,nalgesics,772-679-0728,rclaydon7s@slate.com
282,Samantha,Donson,Antibiotics,529-297-4039,sdonson7t@hugedomains.com
283,Winny,Dresser,Gynecologist,683-572-5220,wdresser7u@house.gov
284,Albertine,Odams,Gynecologist,852-916-5700,aodams7v@nhs.uk
285,Donna,Mighele,Antihistamines,242-744-3517,dmighele7w@arizona.edu
286,Manfred,Brownsworth,Pulmonologist,118-801-5811,mbrownsworth7x@cbc.ca
287,Gregorio,Tappin,Pulmonologist,156-995-6977,gtappin7y@smh.com.au
288,Baxie,Montier,Urologist,647-895-0112,bmontier7z@friendfeed.com
289,Nichols,De Zuani,Urologist,146-975-5828,ndezuani80@github.io
290,Merline,Santon,Radiologist,840-916-2225,msanton81@arizona.edu
291,Otes,Macon,Vascular Surgeon,513-261-8362,omacon82@google.com.br
292,Steffen,Gow,General Practitioner,386-777-6727,sgow83@ihg.com
293,Lowell,Deaville,Bronchodilators,946-616-4702,ldeaville84@fda.gov
294,Carmon,Craigg,Family Medicine,909-700-0672,ccraigg85@hugedomains.com
295,Durand,Daniells,Antipsychotics,763-952-4599,ddaniells86@edublogs.org
296,Obidiah,Milnthorpe,Family Medicine,163-452-0434,omilnthorpe87@ca.gov
297,Bella,Payle,Vascular Surgeon,317-412-3043,bpayle88@webnode.com
298,Bobbe,Maskall,Endocrinologist,452-811-9910,bmaskall89@pbs.org
299,Averill,Santora,Surgeon,798-587-8705,asantora8a@360.cn
300,Fan,Donan,Oncologist,885-776-9979,fdonan8b@shutterfly.com
301,Meggy,Jacobsohn,Plastic Surgeon,425-829-7201,mjacobsohn8c@unicef.org
302,Denys,Scolli,Surgeon,469-811-5452,dscolli8d@princeton.edu
303,Ericha,Eefting,Oncologist,384-776-5274,eeefting8e@1und1.de
304,Cymbre,Syres,Antidepressants,242-682-9795,csyres8f@theguardian.com
305,Winne,Petr,Psychiatrist,920-117-9926,wpetr8g@ox.ac.uk
306,Arabele,Brigginshaw,Family Medicine,464-785-8043,abrigginshaw8h@t-online.de
307,Barty,Mawhinney,Antacids,620-831-4495,bmawhinney8i@privacy.gov.au
308,Karel,Seldon,Podiatrist,142-284-7707,kseldon8j@rakuten.co.jp
309,Olympie,Laverty,Immunologistals,707-210-2184,olaverty8k@examiner.com
310,Evie,Canto,AntivirCardiologist,291-310-9872,ecanto8l@fema.gov
311,Culley,Floweth,General Practitioner,522-177-1931,cfloweth8m@tmall.com
312,Lombard,Banaszewski,Statins,210-693-3532,lbanaszewski8n@howstuffworks.com
313,Orelia,O'Shiels,Antifungals,991-755-4851,ooshiels8o@npr.org
314,Garrott,Sabin,Antihypertensives,362-773-5778,gsabin8p@bizjournals.com
315,Noni,Jedrasik,Ophthalmologist,182-711-4032,njedrasik8q@virginia.edu
316,Raddy,Erridge,ENT Specialist (Ear,944-312-9146,rerridge8r@deliciousdays.com
317,Sheffy,Dunsire,Urologist,473-707-3670,sdunsire8s@delicious.com
318,Ange,Prall,Pathologist,411-750-0853,aprall8t@1und1.de
319,Monroe,Haydon,Ophthalmologist,480-652-1405,mhaydon8u@pinterest.com
320,Hillier,Youde,Vitamins & Supplements,705-702-9596,hyoude8v@eepurl.com
321,Cinnamon,Sterzaker,Endocrinologist,891-710-3115,csterzaker8w@4shared.com
322,Stefanie,Greatex,Dermatologist,170-121-8490,sgreatex8x@unc.edu
323,Leta,Robeson,Vitamins & Supplements,698-118-6890,lrobeson8y@networkadvertising.org
324,Alejandra,Moscrop,Ophthalmologist,392-236-9942,amoscrop8z@hexun.com
325,Patricio,Burtwell,Antipsychotics,665-416-5552,pburtwell90@diigo.com
326,Ricky,Lyddyard,Ophthalmologist,823-840-5904,rlyddyard91@reverbnation.com
327,Olin,Searby,Surgeon,804-682-5611,osearby92@economist.com
328,Annice,Heball,Chiropractor,122-754-6834,aheball93@marketwatch.com
329,Milka,Reddihough,Diuretics,461-283-9719,mreddihough94@redcross.org
330,Vin,Shivell,Gynecologist,623-144-0997,vshivell95@apple.com
331,Say,Grelka,Vascular Surgeon,552-524-1548,sgrelka96@icio.us
332,Tedi,Frapwell,Ophthalmologist,765-546-4419,tfrapwell97@opensource.org
333,Lucina,Deerr,Dermatologist,236-734-2828,ldeerr98@multiply.com
334,Annabelle,Fawdrie,Plastic Surgeon,369-402-4741,afawdrie99@toplist.cz
335,Laurie,Looby,Antibiotics,135-252-7374,llooby9a@dedecms.com
336,Cecilia,Oxe,Chiropractor,130-395-4834,coxe9b@nih.gov
337,Lonny,Pizey,Statins,945-124-0383,lpizey9c@dropbox.com
338,Dave,Hasluck,Gynecologist,980-649-6792,dhasluck9d@youtube.com
339,Fitz,Vaney,Antidepressants,512-668-7769,fvaney9e@linkedin.com
340,Dorthy,Carley,Immunosuppressants,686-466-5401,dcarley9f@altervista.org
341,Yasmeen,Flecknell,Hormones,607-641-1535,yflecknell9g@nifty.com
342,Elfreda,Ferrelli,Chiropractor,136-870-1038,eferrelli9h@jiathis.com
343,Marlo,Britney,Endocrinologist,520-324-8030,mbritney9i@ucsd.edu
344,Tamas,Tideswell,Neurologist,229-806-2217,ttideswell9j@narod.ru
345,Harriett,Gain,Corticosteroids,944-717-8284,hgain9k@google.co.jp
346,Gerome,Querrard,Antipsychotics,193-169-8242,gquerrard9l@oaic.gov.au
347,Morry,Eloi,Anesthesiologist,246-663-3738,meloi9m@163.com
348,Ebenezer,Hawkshaw,Psychiatrist,680-736-5225,ehawkshaw9n@posterous.com
349,Madella,Cottel,Radiologist,398-674-1179,mcottel9o@mtv.com
350,Jarvis,Clissett,Rheumatologist,727-440-9608,jclissett9p@indiatimes.com
351,Pooh,Bilfoot,Nephrologist,263-139-7205,pbilfoot9q@oakley.com
352,Darius,Malling,Orthopedic Surgeon,520-966-4618,dmalling9r@seesaa.net
353,Yanaton,Rousell,Antihistamines,938-499-3309,yrousell9s@nytimes.com
354,Blisse,Grint,Proton Pump Inhibitors (PPIs),664-700-7087,bgrint9t@census.gov
355,Yettie,Winterbotham,Antifungals,293-583-4300,ywinterbotham9u@upenn.edu
356,Brocky,Domenge,Corticosteroids,703-274-6462,bdomenge9v@examiner.com
357,Madalena,Carbin,Proton Pump Inhibitors (PPIs),466-894-1954,mcarbin9w@tinypic.com
358,Marcus,Linke,Hormones,423-668-2491,mlinke9x@economist.com
359,Llewellyn,Josephson,Endocrinologist,890-711-3699,ljosephson9y@cbsnews.com
360,Nappy,Kemp,Antidepressants,341-741-5004,nkemp9z@ehow.com
361,Sean,Breeder,Gastroenterologist,227-998-1800,sbreedera0@printfriendly.com
362,Radcliffe,Pulhoster,Antihypertensives,456-833-5385,rpulhostera1@hao123.com
363,Annora,Whittock,Immunologistals,130-492-1319,awhittocka2@yellowpages.com
364,Anders,Bendel,Statins,589-822-2526,abendela3@theglobeandmail.com
365,Jerrilyn,Orred,Bronchodilators,661-454-9027,jorreda4@yelp.com
366,Zabrina,Krinks,ENT Specialist (Ear,711-211-5446,zkrinksa5@ehow.com
367,Otho,Bramstom,Anticonvulsants,939-429-9805,obramstoma6@google.pl
368,Blayne,Ogborn,Vitamins & Supplements,261-370-6548,bogborna7@sitemeter.com
369,Kori,Cowderay,Endocrinologist,968-363-0111,kcowderaya8@wordpress.org
370,Dorella,Berrecloth,Antihypertensives,779-117-4558,dberreclotha9@ifeng.com
371,Remy,De Gregario,Plastic Surgeon,163-874-1609,rdegregarioaa@tinypic.com
372,Catie,Bittany,Antidepressants,276-181-9918,cbittanyab@msu.edu
373,Averil,Gow,Psychiatrist,579-282-2269,agowac@thetimes.co.uk
374,Joannes,Schowenburg,Blood thinners,291-459-2677,jschowenburgad@bizjournals.com
375,Alvy,Lamport,AntivirCardiologist,725-339-0600,alamportae@goodreads.com
376,Carleen,Suggett,Antihistamines,429-544-9272,csuggettaf@indiatimes.com
377,Obadias,Valentetti,Antifungals,248-418-3477,ovalentettiag@merriam-webster.com
378,Ambros,Iscowitz,Endocrinologist,809-712-7898,aiscowitzah@webmd.com
379,Rosalind,Hulse,Hormones,803-354-8251,rhulseai@wikispaces.com
380,Anya,Pessolt,Antibiotics,774-509-7771,apessoltaj@netscape.com
381,Karol,Kinnach,Pulmonologist,503-995-7600,kkinnachak@pen.io
382,Devonne,Tinman,Antihypertensives,454-151-4417,dtinmanal@go.com
383,Hulda,Stannion,Orthopedic Surgeon,107-897-0116,hstannionam@bloglines.com
384,Farrah,Redgrove,Pulmonologist,938-720-7450,fredgrovean@marketwatch.com
385,Carson,Birks,Blood thinners,325-912-4405,cbirksao@edublogs.org
386,Aurilia,Nesbeth,ENT Specialist (Ear,868-277-5563,anesbethap@prlog.org
387,Quintus,Pollen,Ophthalmologist,429-334-9979,qpollenaq@nifty.com
388,Boonie,Coolbear,Diuretics,384-852-0493,bcoolbearar@jugem.jp
389,Kriste,Pummery,Throat),601-713-7984,kpummeryas@google.es
390,Les,Melladew,Anesthesiologist,235-771-9496,lmelladewat@sphinn.com
391,Britte,Cauldwell,Dermatologist,564-995-8458,bcauldwellau@quantcast.com
392,Sherry,Levis,Immunosuppressants,422-712-5408,slevisav@myspace.com
393,Royce,Peebles,Vitamins & Supplements,369-898-7346,rpeeblesaw@ocn.ne.jp
394,Ronica,Prise,Diuretics,544-719-8668,rpriseax@instagram.com
395,Elias,Lanfranchi,Dermatologist,898-594-8715,elanfranchiay@dmoz.org
396,Tracy,Stonebanks,Throat),601-369-9178,tstonebanksaz@nbcnews.com
397,Idaline,Nijssen,Ophthalmologist,619-634-6289,inijssenb0@utexas.edu
398,Ebeneser,Hoogendorp,Antihistamines,453-579-7164,ehoogendorpb1@google.it
399,Gwendolyn,Varley,Gynecologist,962-974-0685,gvarleyb2@google.cn
400,Gaelan,Adnett,Anticonvulsants,373-604-2970,gadnettb3@canalblog.com
401,Maximilianus,Bean,Blood thinners,872-976-0354,mbeanb4@china.com.cn
402,Jervis,Clowney,Hormones,468-799-6661,jclowneyb5@dailymotion.com
403,Adriana,Franschini,Throat),527-745-5461,afranschinib6@cyberchimps.com
404,Gayler,Beaves,Vitamins & Supplements,937-674-0355,gbeavesb7@spiegel.de
405,Stormi,Shackell,Blood thinners,132-375-4365,sshackellb8@wikispaces.com
406,Miguelita,Bavister,Nephrologist,926-370-4370,mbavisterb9@ucoz.com
407,Nelie,Penhearow,Oncologist,373-404-8733,npenhearowba@ezinearticles.com
408,Candice,Robertson,Orthopedic Surgeon,316-875-4193,crobertsonbb@wikipedia.org
409,Erasmus,Rochell,Hematologist,788-582-8677,erochellbc@nih.gov
410,Burke,Galvin,Statins,309-242-1459,bgalvinbd@ucsd.edu
411,Rosalind,Lenham,Antacids,607-312-1242,rlenhambe@ucsd.edu
412,Carina,Vinton,Nose,808-204-4361,cvintonbf@nbcnews.com
413,Tremain,Eeles,Hormones,502-769-0575,teelesbg@slate.com
414,Ericha,Heinzler,Endocrinologist,631-353-4959,eheinzlerbh@psu.edu
415,Caroline,Bing,Neurologist,596-283-2198,cbingbi@wp.com
416,Clayson,Benadette,Endocrinologist,122-720-8652,cbenadettebj@un.org
417,Marje,Lorenzetti,Infectious Disease Specialist,905-155-2622,mlorenzettibk@slate.com
418,Glennie,Styan,Corticosteroids,391-796-4766,gstyanbl@is.gd
419,Fletch,Mourge,Immunologistals,386-885-9632,fmourgebm@bloglovin.com
420,Corly,Rowlings,ENT Specialist (Ear,196-445-8362,crowlingsbn@printfriendly.com
421,Danika,Linder,Antifungals,342-192-4591,dlinderbo@issuu.com
422,Pennie,Glamart,Anticonvulsants,241-286-8333,pglamartbp@biglobe.ne.jp
423,Kay,Klampk,Gynecologist,825-400-8138,kklampkbq@narod.ru
424,Arman,Gadie,Immunologistals,688-862-0594,agadiebr@qq.com
425,Ozzie,Hallagan,Antihistamines,725-737-3311,ohallaganbs@nih.gov
426,Leonora,Darwood,Plastic Surgeon,214-130-5830,ldarwoodbt@google.pl
427,Gordon,Treasaden,Antacids,999-515-7378,gtreasadenbu@cargocollective.com
428,Stevy,Coursor,Anesthesiologist,557-343-9161,scoursorbv@va.gov
429,Farlee,Moysey,Dermatologist,892-256-9325,fmoyseybw@hibu.com
430,Ebba,Brok,Pathologist,951-624-6746,ebrokbx@geocities.com
431,Darnell,Berrecloth,Urologist,605-216-2423,dberreclothby@wordpress.com
432,Christalle,Howgill,Ophthalmologist,741-857-5661,chowgillbz@vimeo.com
433,Hermione,Haward,Neurologist,723-368-7288,hhawardc0@biglobe.ne.jp
434,Lynda,O'Shavlan,Plastic Surgeon,752-559-7827,loshavlanc1@examiner.com
435,Inesita,Cradock,Orthopedic Surgeon,677-927-9183,icradockc2@seattletimes.com
436,Laurette,Houtby,Nose,454-284-3462,lhoutbyc3@go.com
437,Mahmoud,Glenn,Vitamins & Supplements,341-672-0598,mglennc4@google.com
438,Virgie,Wolters,Plastic Surgeon,868-585-8096,vwoltersc5@abc.net.au
439,Hewett,Dolman,Anticonvulsants,416-235-5184,hdolmanc6@prlog.org
440,Eolanda,Oliphard,Pulmonologist,913-302-3651,eoliphardc7@cbc.ca
441,Julina,Moralis,Antihypertensives,899-104-0028,jmoralisc8@gmpg.org
442,Sayre,Birtle,Podiatrist,474-348-6709,sbirtlec9@washington.edu
443,Cordi,Blumfield,Antidepressants,232-665-7809,cblumfieldca@washingtonpost.com
444,Candace,Lewens,Antipsychotics,633-469-5737,clewenscb@homestead.com
445,Jannelle,Monnoyer,Hormones,108-899-9192,jmonnoyercc@xing.com
446,Demeter,Spurrior,Throat),365-689-1502,dspurriorcd@nymag.com
447,Mirilla,Leddie,Dermatologist,171-700-8413,mleddiece@youku.com
448,Teodora,Takos,Pulmonologist,657-267-7982,ttakoscf@psu.edu
449,Bud,Obey,Infectious Disease Specialist,949-101-0304,bobeycg@sina.com.cn
450,Olag,Harpur,Rheumatologist,542-241-4184,oharpurch@elegantthemes.com
451,Carmela,Kendle,Antihistamines,892-825-3186,ckendleci@globo.com
452,Wanids,Caldecott,Diuretics,792-872-0363,wcaldecottcj@slashdot.org
453,Welsh,Mation,Dermatologist,396-490-6817,wmationck@webnode.com
454,Aurelie,Wittleton,Ophthalmologist,286-215-3930,awittletoncl@shutterfly.com
455,Livy,Bierman,Antihistamines,415-297-7659,lbiermancm@mapquest.com
456,Consuelo,Guyon,Diuretics,155-212-3585,cguyoncn@go.com
457,Dame,Molen,Proton Pump Inhibitors (PPIs),812-164-3533,dmolenco@hao123.com
458,Caren,Duffus,Surgeon,833-934-9448,cduffuscp@theglobeandmail.com
459,Eugenius,Spoole,Immunosuppressants,617-614-4203,espoolecq@sohu.com
460,Benedikt,Arman,Orthopedic Surgeon,677-986-1276,barmancr@google.com.hk
461,Justina,Matteo,Gastroenterologist,519-446-9461,jmatteocs@geocities.jp
462,Liza,Foli,AntivirCardiologist,751-305-2154,lfolict@ning.com
463,Kingston,Charlon,Infectious Disease Specialist,245-315-5156,kcharloncu@berkeley.edu
464,Constantine,Caulkett,Immunologistals,773-830-6854,ccaulkettcv@domainmarket.com
465,Alessandro,Abramowitz,Podiatrist,997-420-4606,aabramowitzcw@home.pl
466,Anette,Clousley,Urologist,948-681-9703,aclousleycx@google.com.hk
467,Robinett,Copnar,Radiologist,704-384-8811,rcopnarcy@umich.edu
468,Eloisa,Bang,Bronchodilators,541-334-3140,ebangcz@wsj.com
469,Kingston,Crumly,Antifungals,286-658-5547,kcrumlyd0@webs.com
470,Marge,Hatherleigh,Hormones,439-531-3019,mhatherleighd1@howstuffworks.com
471,Aidan,Osman,Antihistamines,667-311-8133,aosmand2@yelp.com
472,Margalo,Whittles,Gynecologist,205-343-5115,mwhittlesd3@newyorker.com
473,Latia,Maggill'Andreis,Immunosuppressants,851-323-5864,lmaggillandreisd4@spotify.com
474,Mehetabel,Crose,Immunosuppressants,683-862-4689,mcrosed5@oakley.com
475,Derron,Lawton,Psychiatrist,330-195-5261,dlawtond6@fda.gov
476,Mirna,MacGillavery,Gynecologist,620-230-1522,mmacgillaveryd7@google.cn
477,Laird,Simenet,Urologist,225-122-5623,lsimenetd8@virginia.edu
478,Agata,Janssens,Antibiotics,533-340-2399,ajanssensd9@wsj.com
479,Lulita,Rabbitt,ENT Specialist (Ear,249-323-9789,lrabbittda@goo.ne.jp
480,Maisey,Roma,Podiatrist,711-503-8989,mromadb@hubpages.com
481,Keen,Serman,Chiropractor,725-188-3172,ksermandc@ebay.co.uk
482,Lauren,Stoyles,Vitamins & Supplements,912-195-0748,lstoylesdd@dot.gov
483,Rip,Hassey,Gynecologist,139-900-7515,rhasseyde@nifty.com
484,Merralee,O'Keeffe,Obstetrician,265-449-7594,mokeeffedf@woothemes.com
485,Lyndsie,Sterricker,AntivirCardiologist,568-415-1584,lsterrickerdg@linkedin.com
486,Tabby,Mathis,Psychiatrist,939-522-9758,tmathisdh@spiegel.de
487,Casandra,Whittlesey,Antibiotics,764-966-9047,cwhittleseydi@prlog.org
488,Charissa,Lathe,Vitamins & Supplements,620-400-8527,clathedj@edublogs.org
489,Caryn,Spikins,Plastic Surgeon,448-580-7342,cspikinsdk@marketwatch.com
490,Mirilla,Dawid,Bronchodilators,292-461-7404,mdawiddl@quantcast.com
491,Kiersten,Lammert,Oncologist,639-983-5715,klammertdm@linkedin.com
492,Lucien,Nucator,Ophthalmologist,289-379-8518,lnucatordn@jalbum.net
493,Alva,Rallinshaw,Anesthesiologist,311-828-7038,arallinshawdo@imdb.com
494,Brunhilda,Tregonna,Urologist,198-278-3630,btregonnadp@webnode.com
495,Jase,Blencoe,Podiatrist,454-454-0822,jblencoedq@bloomberg.com
496,Leesa,Roseaman,Anesthesiologist,527-330-8611,lroseamandr@google.pl
497,Rubetta,Alleyne,Hormones,776-403-3711,ralleyneds@amazon.com
498,Gerri,Esmonde,Proton Pump Inhibitors (PPIs),294-661-0748,gesmondedt@noaa.gov
499,Bliss,Bickmore,Corticosteroids,464-537-9452,bbickmoredu@artisteer.com
500,Vallie,Poizer,Orthopedic Surgeon,326-468-7026,vpoizerdv@bizjournals.com
