patient_id,first_name,last_name,dob,gender,phone_number,email,address,city,postal_code
1,Leia,Christophers,2015-11-17,Female,630-833-4317,lchristophers0@msn.com,42 Loomis Hill,Xihe,
2,Emyle,Bysaker,1982-12-27,Female,467-646-6280,ebysaker1@amazonaws.com,89 Gulseth Place,Dongfanghong,
3,Yankee,McTeague,1992-05-28,Male,447-246-6609,ymcteague2@netscape.com,47117 Dorton Hill,San Miguel,10302
4,Mikey,Verzey,2011-01-19,Male,780-694-9010,mverzey3@naver.com,666 Oneill Pass,Da’an,
5,Agneta,Beadman,1980-12-28,Female,919-257-1663,abeadman4@newsvine.com,149 Sutteridge Park,Sanhe,
6,Ronny,Crean,2007-01-04,Female,851-751-2687,rcrean5@slate.com,094 Mccormick Circle,Pivka,6257
7,Wanids,Studde,2001-05-10,Female,542-895-7478,wstudde6@last.fm,8919 Elka Lane,Achiaman,
8,Jaye,Gonsalvez,1981-06-24,Male,244-485-7574,jgonsalvez7@yellowpages.com,756 Farwell Junction,Sędziszów,28-340
9,Cherise,Omand,1982-01-13,Genderfluid,220-510-9711,comand8@ning.com,38176 Kedzie Circle,Punākha,
10,Helaine,Astbury,2018-07-07,Female,320-634-2229,hastbury9@cdc.gov,494 Browning Junction,São Paulo de Olivença,69600-000
11,Shaylah,MacGuffie,2021-03-29,Genderfluid,884-393-7056,smacguffiea@imdb.com,12348 Brentwood Crossing,Pacho,254008
12,Ashton,Blackwood,1992-02-08,Male,514-750-3371,ablackwoodb@unblog.fr,6246 Tennessee Way,Gunungmalang Satu,
13,Dolores,Sandy,1989-03-24,Female,472-580-9772,dsandyc@columbia.edu,62 Holmberg Park,Herrljunga,524 32
14,Dav,Gaudin,2015-12-01,Male,703-738-3070,dgaudind@youtube.com,307 Sloan Circle,Viesīte,
15,Nani,Walburn,2011-10-27,Female,302-253-9097,nwalburne@timesonline.co.uk,40293 Ramsey Circle,Capayán,4726
16,Jaye,Anstice,2013-09-07,Male,859-547-7566,jansticef@smugmug.com,701 Karstens Place,Nida,30001
17,Vivien,Mathieson,2007-06-08,Female,737-675-0461,vmathiesong@arstechnica.com,6246 Manitowish Junction,Novyy Nekouz,152730
18,Elvera,Gummoe,2023-06-13,Polygender,933-730-0808,egummoeh@businessweek.com,582 Everett Junction,Ordóñez,2555
19,Selby,Rawlingson,1993-10-11,Male,756-353-6234,srawlingsoni@netscape.com,65465 Cascade Terrace,Wenchun,
20,Alwyn,Cinderey,2002-09-30,Male,536-155-8484,acindereyj@51.la,90 Continental Point,Qiqing,
21,Krissie,Horbath,2009-07-20,Bigender,899-768-3310,khorbathk@wikispaces.com,18204 Rigney Place,Lugu,
22,Syman,Momery,2011-11-23,Male,503-730-2980,smomeryl@wikipedia.org,5336 Arkansas Parkway,Yuanda,
23,Hilliard,Aleksashin,1998-04-04,Male,552-787-1925,haleksashinm@blinklist.com,1231 Vahlen Place,Dungarvan,T56
24,Jan,Shand,1996-10-19,Male,726-620-9621,jshandn@mozilla.com,97 Algoma Place,Idah,
25,Stirling,Beddoe,1983-01-01,Non-binary,638-435-9679,sbeddoeo@hibu.com,20 Heffernan Center,Bobai,
26,Karil,Saddleton,2013-06-23,Female,635-141-2659,ksaddletonp@slideshare.net,7927 Scofield Hill,Moneague,
27,Breanne,Woodworth,2006-02-03,Female,420-375-2762,bwoodworthq@examiner.com,4994 Norway Maple Circle,Shuangxiqiao,
28,Deny,Klimuk,2014-12-27,Female,582-163-7196,dklimukr@imdb.com,6 Washington Hill,San Bautista,
29,Arlinda,Hammerberger,1988-05-25,Female,346-306-0670,ahammerbergers@tmall.com,76291 Mifflin Place,Elato,
30,Rhetta,Chillingsworth,2019-10-05,Female,907-481-9699,rchillingswortht@msu.edu,892 Clove Circle,Tambovka,416020
31,Stoddard,Aggas,1992-01-30,Female,889-550-1698,saggasu@icq.com,56320 Pond Hill,Spirovo,422338
32,Callida,Kopec,1997-10-30,Female,748-990-2236,ckopecv@freewebs.com,6 Acker Parkway,Nanga Eboko,
33,Nikola,Helks,1986-06-28,Male,216-430-6434,nhelksw@bbc.co.uk,82 Spohn Junction,Cai Doi Vam,
34,Maddy,Matyas,2008-08-25,Male,511-873-2569,mmatyasx@clickbank.net,6 Graceland Terrace,Rucava,
35,Robinet,Mabson,2018-10-06,Female,466-651-1714,rmabsony@wunderground.com,12974 Kingsford Alley,Buenavista,55635
36,Alyse,Filer,2020-02-25,Female,885-573-3618,afilerz@washingtonpost.com,08 Moulton Hill,Krajan,
37,Reeta,Datte,1995-11-19,Female,303-160-1229,rdatte10@networkadvertising.org,132 West Crossing,Littleton,80126
38,Farrah,Hawyes,2010-04-07,Female,830-456-1550,fhawyes11@last.fm,3077 Blue Bill Park Center,Mizhou,
39,Doe,Acosta,1982-02-21,Female,146-319-4452,dacosta12@ox.ac.uk,92 Dorton Plaza,Buy,157008
40,Lissie,Baddam,2003-03-15,Female,242-171-0257,lbaddam13@constantcontact.com,96 Bartillon Point,Emiliano Zapata,91560
41,Jessy,Orteaux,2017-10-25,Female,395-683-3343,jorteaux14@usda.gov,68075 Spohn Plaza,Weichanglu,
42,Allen,Simond,1993-05-09,Male,882-247-1873,asimond15@squarespace.com,03344 Troy Parkway,Guayaquil,
43,Harri,Linnock,2017-01-07,Female,319-217-3266,hlinnock16@wikispaces.com,11692 Service Pass,Santa Nino,2406
44,Sheelah,Kalisz,1997-04-16,Female,523-774-2111,skalisz17@cnet.com,9762 Warner Circle,Proptisht,
45,Florenza,Worham,1995-05-29,Female,661-548-8781,fworham18@artisteer.com,57 Quincy Court,Bazha,
46,Ardyce,Potzold,1989-07-20,Female,490-388-3990,apotzold19@uol.com.br,9 Straubel Crossing,Dzaoudzi,97615
47,Jasen,Stirland,2018-11-11,Bigender,317-735-5492,jstirland1a@dot.gov,2 Bultman Parkway,Beigang,
48,Yvonne,Mapston,1994-10-15,Female,459-465-1605,ymapston1b@reverbnation.com,3254 Kennedy Park,Samdo,
49,Reinhard,Halstead,2005-10-10,Male,933-436-8543,rhalstead1c@wikispaces.com,4 Debs Point,Sovetsk,613366
50,Pinchas,Depka,2020-03-20,Male,819-238-8212,pdepka1d@netlog.com,3 Comanche Alley,Södertälje,151 44
51,Myron,Beagles,1995-05-29,Male,696-961-4480,mbeagles1e@redcross.org,34 Clarendon Plaza,Saint-Denis,97701 CEDEX 9
52,Hastings,Stell,2017-01-20,Non-binary,474-528-9725,hstell1f@shutterfly.com,26857 Dottie Crossing,Rājshāhi,6100
53,Kleon,Tocknell,2017-10-21,Male,718-100-6246,ktocknell1g@dailymail.co.uk,036 Nobel Way,Rios Frios,3025-610
54,Marj,Noulton,1997-10-02,Female,729-727-9502,mnoulton1h@fda.gov,85 Wayridge Terrace,Calauan,4012
55,Russ,Stud,2004-12-02,Male,714-697-5418,rstud1i@odnoklassniki.ru,50 Haas Park,Huliao,
56,Chick,Joao,2002-09-26,Male,283-425-5970,cjoao1j@mysql.com,6867 Morningstar Center,Haz-Zebbug,ZBG
57,Ilise,Challicombe,2024-12-25,Female,138-856-2472,ichallicombe1k@stanford.edu,87 Straubel Park,Chinandega,
58,Chase,Borres,1994-09-27,Male,922-193-2100,cborres1l@craigslist.org,7522 Havey Parkway,Namīn,
59,Bird,McKyrrelly,2018-06-15,Female,391-987-1706,bmckyrrelly1m@jimdo.com,3643 Morning Crossing,Bulbul,
60,Edmon,Speers,2004-10-19,Male,280-392-4820,espeers1n@ifeng.com,8 Kedzie Terrace,Tabinay,5203
61,Benjy,Luckings,2015-11-29,Male,260-108-1469,bluckings1o@list-manage.com,8132 Warrior Drive,Mburukullu,
62,Kipp,Mixhel,2008-12-16,Male,468-725-6110,kmixhel1p@free.fr,21149 Gerald Terrace,Palana,688000
63,Carri,Magnar,2002-08-25,Female,914-727-3026,cmagnar1q@feedburner.com,10 Del Sol Terrace,Lomintsevskiy,301573
64,Cullan,Stairmond,1986-01-17,Male,191-353-1358,cstairmond1r@macromedia.com,4661 Shasta Park,Huilelot,
65,Thor,Hasely,2014-05-20,Male,952-461-4776,thasely1s@youtu.be,95842 East Way,Dzhankoy,
66,Shelia,Glowinski,1996-09-21,Bigender,800-306-7442,sglowinski1t@mediafire.com,44 Bowman Pass,Songbai,
67,Roshelle,Bonnick,2006-07-01,Female,342-594-1086,rbonnick1u@cyberchimps.com,45828 Schlimgen Crossing,Hengtang,
68,Trevor,Di Biasio,2008-11-10,Male,228-923-7686,tdibiasio1v@sourceforge.net,2 Beilfuss Parkway,Bagangan,
69,Clementine,Wittrington,2005-08-04,Female,713-372-1524,cwittrington1w@homestead.com,84294 Sutteridge Street,Houston,77228
70,Athena,Trudgian,1996-09-02,Female,294-638-1838,atrudgian1x@youku.com,20957 Village Center,Turmi,
71,Fayre,Dunbleton,1994-05-10,Female,229-521-0713,fdunbleton1y@washingtonpost.com,20 Welch Street,Kendayakan,
72,Kellie,Aidler,2003-05-12,Female,575-809-4443,kaidler1z@feedburner.com,5 Loomis Crossing,Erfangping,
73,Ajay,Runcieman,1997-12-06,Female,180-948-8994,aruncieman20@alexa.com,0205 Bunker Hill Trail,Miura,894-2414
74,Casper,Dragon,2005-06-07,Male,289-283-2949,cdragon21@who.int,188 Springview Alley,København,1787
75,Zulema,Gleaves,1981-02-08,Genderfluid,576-262-9780,zgleaves22@naver.com,936 Sherman Place,Steinkjer,7729
76,Karna,Liston,1981-05-15,Female,391-335-0320,kliston23@printfriendly.com,122 Derek Center,Svoboda nad Úpou,542 24
77,Carlee,Crippell,2010-12-11,Genderfluid,885-616-7430,ccrippell24@npr.org,553 Blue Bill Park Alley,Longlou,
78,Emmalyn,Itzkovwitch,2008-03-14,Genderfluid,760-227-4694,eitzkovwitch25@hao123.com,65521 Eagle Crest Trail,Ingarö,134 61
79,Manda,Curedale,1994-04-26,Female,982-694-8578,mcuredale26@bbb.org,679 Corben Plaza,Nyköping,611 24
80,Shaw,Benesevich,1998-04-27,Male,488-467-5631,sbenesevich27@blinklist.com,4682 Talmadge Court,Sumberrojokrajan,
81,Wallie,MacMichael,1999-01-01,Male,757-527-2069,wmacmichael28@hubpages.com,3 Hanson Park,Mueang Suang,45220
82,Jana,Flett,2020-11-16,Female,320-828-1291,jflett29@msn.com,9 Buhler Court,Ljubešćica,42222
83,Lance,Guilford,1998-03-13,Male,122-525-2377,lguilford2a@blog.com,17811 Annamark Crossing,Zhushan Chengguanzhen,
84,Imogene,Cardoso,1985-06-10,Female,260-686-9256,icardoso2b@biblegateway.com,033 Delaware Lane,Randfontein,1771
85,Terri,Pavlenkov,2022-05-09,Bigender,649-965-4282,tpavlenkov2c@technorati.com,218 Donald Way,Banyuurip,
86,Cordy,Saxelby,1987-04-30,Female,172-285-1606,csaxelby2d@nbcnews.com,7862 Gale Avenue,Sakurai,839-1301
87,Anson,Farmloe,1983-07-08,Male,479-695-6754,afarmloe2e@discovery.com,9 Farragut Lane,Guali,
88,Loralyn,Joskowitz,1995-07-22,Female,602-441-2839,ljoskowitz2f@mozilla.com,74 Fairview Pass,Sijiu,
89,Conrade,Lorait,2003-05-11,Genderfluid,106-160-9718,clorait2g@canalblog.com,59849 Main Avenue,Penedo,4650-080
90,Penelope,Baudy,2000-10-23,Female,590-343-0348,pbaudy2h@themeforest.net,55419 Transport Plaza,Cinco Saltos,8303
91,Ferd,Bassham,2010-10-28,Male,129-391-1101,fbassham2i@blinklist.com,6 Sullivan Road,Don Tan,49120
92,Kizzee,Jancey,2014-10-02,Female,806-205-4894,kjancey2j@rediff.com,0 Thompson Alley,La Virtud,
93,Mathilda,Demead,2021-02-23,Female,319-215-8456,mdemead2k@ask.com,7376 Northview Point,Elefsína,
94,Teddy,Crutchfield,2011-02-17,Agender,719-902-3257,tcrutchfield2l@last.fm,514 Mifflin Place,Tall Salḩab,
95,Artair,Bossel,2006-10-28,Male,915-256-5409,abossel2m@indiegogo.com,0 Darwin Pass,El Paso,79977
96,Hillier,Goodee,1999-03-02,Male,450-831-3466,hgoodee2n@va.gov,1 Red Cloud Alley,Villa Ángela,3540
97,Corney,Banisch,1999-11-11,Male,430-878-1602,cbanisch2o@sogou.com,0 Grim Street,Yur’yev-Pol’skiy,601800
98,Muhammad,Babb,2003-07-04,Male,375-267-6219,mbabb2p@myspace.com,5 Mendota Junction,Brześć Kujawski,87-880
99,Hasheem,Baggelley,2005-10-01,Male,336-948-8863,hbaggelley2q@npr.org,6 Wayridge Pass,Greensboro,27499
100,Arlen,Titheridge,1991-11-20,Male,356-665-3362,atitheridge2r@wordpress.org,33 Surrey Park,San Roque,6415
101,Alexina,Crofts,2013-11-20,Female,137-176-4378,acrofts2s@usda.gov,6436 Commercial Court,Nanshi,
102,Amalle,Escot,2018-11-03,Female,532-877-2224,aescot2t@123-reg.co.uk,53884 Gerald Place,Mudanjiang,
103,Veradis,Murrill,2019-08-26,Female,456-144-0373,vmurrill2u@webeden.co.uk,7 Knutson Court,Shashi,
104,Isador,Bollon,1988-11-05,Male,967-301-1379,ibollon2v@archive.org,3273 Badeau Pass,Saatlı,
105,Brendin,Harmant,2012-03-07,Bigender,528-665-7061,bharmant2w@people.com.cn,49 Eastwood Center,Guling,
106,Mel,McKelloch,2021-11-22,Female,780-901-9196,mmckelloch2x@list-manage.com,26 4th Road,Plomárion,
107,Gino,Skerritt,2011-12-06,Polygender,126-203-2230,gskerritt2y@tmall.com,477 Fieldstone Crossing,Fonseca,444018
108,Aharon,Stearn,1987-01-12,Male,502-663-5506,astearn2z@e-recht24.de,6 Corben Junction,Salgar,056478
109,Berthe,Smewin,2015-07-21,Female,318-393-5819,bsmewin30@macromedia.com,90 Derek Street,Kodinsk,663490
110,Barbara-anne,Furtado,1995-01-30,Agender,833-456-0571,bfurtado31@google.co.jp,96 Transport Pass,Krojo,
111,Brendin,Lecky,1990-01-21,Male,697-817-7564,blecky32@angelfire.com,6062 Hoard Street,Damu,
112,Erhard,Howard,2017-11-12,Male,186-137-8612,ehoward33@livejournal.com,5580 Debs Plaza,Oujiangcha,
113,Joachim,Spridgen,2023-02-09,Male,250-490-5746,jspridgen34@godaddy.com,7 Erie Plaza,Maïné Soroa,
114,Trevar,Miebes,1996-03-20,Male,925-796-1808,tmiebes35@fda.gov,780 Sundown Alley,Kungsbacka,434 43
115,Richard,Klezmski,2012-08-16,Male,288-510-0004,rklezmski36@imgur.com,4248 Talmadge Terrace,Chernyanka,309573
116,Garrek,Aloshechkin,1982-05-24,Male,371-471-3726,galoshechkin37@feedburner.com,4 Calypso Trail,Osiek nad Notecią,75-571
117,Darren,Jedraszek,2009-10-21,Genderfluid,826-198-5104,djedraszek38@samsung.com,79173 Swallow Court,Lidköping,531 17
118,Eden,Loins,2010-06-29,Agender,974-659-4770,eloins39@nydailynews.com,15660 Hoffman Terrace,Sanghan,1773
119,Colan,Strathearn,1999-11-06,Male,298-184-6249,cstrathearn3a@amazon.com,12 Hanson Plaza,Rietavas,90018
120,Quinlan,Wombwell,2007-01-29,Male,424-524-6696,qwombwell3b@engadget.com,9 Loomis Drive,Lianovérgi,
121,Ambrosio,Tumpane,1998-01-12,Male,817-597-2605,atumpane3c@mysql.com,0858 Clyde Gallagher Road,Lingdong,
122,Stephan,Marnes,2008-12-29,Male,846-634-1911,smarnes3d@wordpress.org,2438 Marcy Crossing,Lashio,
123,Gaston,Culham,1989-11-05,Male,816-124-9115,gculham3e@1688.com,9 Northport Avenue,Douliu,
124,Damita,Poplee,2009-04-26,Female,848-604-8283,dpoplee3f@biblegateway.com,949 Russell Way,Dolní Studénky,788 20
125,Hunt,Burde,1984-12-10,Male,920-536-8871,hburde3g@hp.com,068 Dexter Alley,Quthing,
126,Lorilee,Tocque,1994-02-26,Polygender,917-551-0151,ltocque3h@google.it,6 Westerfield Lane,New York City,10009
127,Elysha,Jakubczyk,1989-08-11,Non-binary,164-784-9939,ejakubczyk3i@cargocollective.com,299 Golf Course Parkway,San Antonio de los Cobres,4411
128,Hilda,Fawley,1991-03-04,Female,430-288-3022,hfawley3j@miibeian.gov.cn,4 Union Junction,Sundbyberg,172 69
129,Eolande,Cocker,1991-12-18,Female,953-239-2628,ecocker3k@networkadvertising.org,8 Orin Alley,Yanglong,
130,Hadley,Mountlow,1990-10-03,Male,829-307-6922,hmountlow3l@alibaba.com,947 Steensland Trail,Yandev,
131,Tammy,Hopkyns,2024-08-14,Male,373-799-5666,thopkyns3m@chron.com,26334 Hoffman Parkway,Wangshi,
132,Tomaso,Fleay,2001-05-16,Genderqueer,514-555-1564,tfleay3n@hhs.gov,1 Anzinger Pass,Liushui,
133,Mallissa,Wesson,1985-10-08,Female,297-764-1523,mwesson3o@drupal.org,3792 Helena Drive,Pasirpengarayan,
134,Nickola,Orwin,2013-01-10,Male,580-628-5945,norwin3p@opensource.org,2 Quincy Lane,Krasnyy Gulyay,433396
135,Gianni,Scriver,1997-09-11,Male,897-587-4207,gscriver3q@sohu.com,93791 Birchwood Pass,Santo Domingo,
136,Jamie,Fiennes,2001-09-28,Genderqueer,852-841-3778,jfiennes3r@state.tx.us,7 Stuart Terrace,Batan,5615
137,Claudian,Wetherill,1988-08-14,Male,625-923-8913,cwetherill3s@cam.ac.uk,8 Reindahl Road,Obryte,07-215
138,Yettie,Greenalf,1985-01-30,Female,159-838-1432,ygreenalf3t@cisco.com,4107 Sauthoff Crossing,Linköping,586 63
139,Reine,Janczak,2021-06-28,Female,329-583-1164,rjanczak3u@weebly.com,776 Scott Junction,Smyga,
140,Mimi,Keeton,1987-02-12,Female,689-991-2295,mkeeton3v@youtu.be,9 Burning Wood Drive,Cigedang,
141,Ingar,Hixley,2008-01-14,Male,205-454-8268,ihixley3w@businessweek.com,4913 Evergreen Parkway,Tomaszów Lubelski,22-602
142,Jean,Messager,2023-01-09,Male,620-753-7739,jmessager3x@google.ru,8 Dayton Point,Besao,2618
143,Grove,Zouch,2004-12-20,Male,836-136-1374,gzouch3y@multiply.com,0159 Fair Oaks Point,Växjö,355 92
144,Vick,Boylin,2013-08-01,Male,280-157-7377,vboylin3z@dedecms.com,66030 Pennsylvania Point,Combapata,
145,Jazmin,Paragreen,2019-07-14,Female,460-178-5326,jparagreen40@yahoo.com,2 8th Court,Cochrane,T4C
146,Jeanette,Barendtsen,1987-05-11,Female,805-955-5858,jbarendtsen41@ucoz.com,4304 Bluejay Road,Gornyye Klyuchi,622012
147,Abie,Seak,2007-03-09,Male,421-771-8973,aseak42@earthlink.net,6856 Little Fleur Avenue,Bishan,
148,Ax,Delle,2025-01-29,Male,532-187-7670,adelle43@elpais.com,074 Logan Point,Giedlarowa,40-401
149,Bron,Manifield,1992-09-09,Male,298-265-9535,bmanifield44@cam.ac.uk,15349 Elgar Trail,Rangpur,5470
150,Nikki,Gorsse,2023-06-26,Male,391-292-5897,ngorsse45@jalbum.net,7 Mayer Trail,Lovran,51415
151,Darb,Simco,1987-05-19,Female,232-653-7286,dsimco46@smugmug.com,7 Debs Center,Xinhe,
152,Georg,Coverdale,1996-07-13,Male,669-820-1992,gcoverdale47@skype.com,78359 Heffernan Parkway,Qijing,
153,Perceval,Rhodus,2019-12-23,Male,414-855-1510,prhodus48@imageshack.us,7 Cascade Place,Milwaukee,53263
154,Nicko,Kristof,1992-06-20,Male,801-723-0756,nkristof49@nyu.edu,1106 Loftsgordon Park,Ziketan,
155,Arleyne,Jiles,2008-08-04,Female,771-795-3210,ajiles4a@mashable.com,0 Dennis Junction,Baisha,
156,Erie,De Bruyn,1987-05-07,Male,778-120-9507,edebruyn4b@mysql.com,490 Eggendart Park,Sollefteå,881 30
157,Shandy,Flawith,1995-06-03,Female,276-738-4637,sflawith4c@time.com,971 Hoffman Road,Haveliān,22501
158,Marcia,Burtonshaw,2015-07-25,Female,912-876-0902,mburtonshaw4d@google.com,4 Fordem Junction,Bununu Kasa,
159,Jehu,Tallyn,2006-06-22,Male,993-859-4157,jtallyn4e@businesswire.com,99 Browning Trail,Lũng Hồ,
160,Filberte,Sans,1998-02-11,Non-binary,754-256-5628,fsans4f@joomla.org,0313 Prairie Rose Lane,Vargem Grande,65430-000
161,Perceval,Garr,2007-07-31,Male,537-679-5057,pgarr4g@tuttocitta.it,67 Tennyson Park,Guaranda,
162,Bailey,Burehill,1980-04-18,Male,637-230-5339,bburehill4h@comcast.net,42032 Dawn Avenue,El Rosario,47849
163,Davon,Pyser,1999-03-01,Male,372-609-0404,dpyser4i@marketwatch.com,321 Sutherland Parkway,Tantu,
164,Laryssa,Van Daalen,2001-03-17,Female,357-332-1680,lvandaalen4j@huffingtonpost.com,19 Doe Crossing Plaza,Huangguan,
165,Iormina,Ibeson,2007-02-21,Female,253-938-9804,iibeson4k@sogou.com,9 Homewood Center,Hatavch,
166,Brand,Barwise,2017-09-29,Male,473-304-9614,bbarwise4l@fc2.com,406 Maywood Court,Bantacan,8110
167,Dinnie,Boatswain,2002-11-30,Female,536-745-1476,dboatswain4m@comsenz.com,3 Muir Lane,Samara,404146
168,Fran,Fison,2018-04-10,Female,619-862-4797,ffison4n@issuu.com,40158 School Street,Ecilda Paullier,
169,Danny,Knifton,1982-05-17,Female,212-494-0457,dknifton4o@ebay.com,11 Pennsylvania Alley,Cihaur,
170,Mile,Rocca,1995-03-16,Male,376-520-0367,mrocca4p@dedecms.com,47595 Dahle Street,Puerto Alto,
171,Sylvan,Beasant,2017-06-04,Male,138-975-0065,sbeasant4q@cnn.com,5304 Goodland Crossing,Dundbürd,
172,Ellary,Noyes,1987-12-11,Male,234-763-3063,enoyes4r@ucoz.ru,27 Pierstorff Crossing,Pakapasan Girang,
173,Edwin,Wyper,2002-06-22,Male,880-365-7545,ewyper4s@dyndns.org,263 Del Mar Pass,Aqtaū,
174,Tybie,McSperrin,1984-03-08,Female,308-597-3032,tmcsperrin4t@scribd.com,6 Mendota Crossing,Xinqiao,
175,Lemmie,Heinzler,1992-12-16,Male,266-944-7045,lheinzler4u@qq.com,9 Heath Road,Ḩabābah,
176,Carlie,Coysh,2010-04-11,Female,231-638-3396,ccoysh4v@reddit.com,90 Cordelia Court,Adani,
177,Gwenneth,Dinsdale,2022-10-20,Female,626-461-6722,gdinsdale4w@rakuten.co.jp,57 Ludington Way,Bukor,
178,Terrell,Chrystal,2007-02-15,Male,189-394-9154,tchrystal4x@scribd.com,987 Stoughton Park,San Jose,33856
179,Dulcinea,Blueman,2003-02-10,Female,597-773-5998,dblueman4y@zdnet.com,63797 West Road,Palapye,
180,Sonya,Birk,1989-09-18,Female,353-858-5978,sbirk4z@bloglovin.com,8 Morningstar Alley,Lagdo,
181,Tatum,Cheyne,1988-05-27,Female,836-323-3720,tcheyne50@oaic.gov.au,7364 Beilfuss Court,Brusyliv,
182,Sawyer,Rodriguez,2021-06-01,Male,275-525-1851,srodriguez51@is.gd,982 Carey Point,Tamandaré,55578-000
183,Cybill,Foulds,1986-01-06,Genderfluid,415-210-8082,cfoulds52@ebay.co.uk,2 Jana Park,Fenghuo,
184,Ramsey,Ferrettino,1997-11-28,Male,740-633-4765,rferrettino53@reddit.com,03268 Novick Park,Hirosaki,861-2236
185,Jackie,Derricoat,1985-11-17,Genderfluid,513-732-1514,jderricoat54@goo.ne.jp,513 Delaware Road,Ipuh,
186,Homer,Robinett,1992-06-10,Male,881-637-1084,hrobinett55@biblegateway.com,2038 Sherman Park,Itupeva,13295-000
187,Fairleigh,Walework,2016-08-14,Male,316-182-7103,fwalework56@unblog.fr,3 Sutherland Way,Szelków,45-559
188,Ferdinand,O'Nowlan,2022-12-15,Male,202-926-0822,fonowlan57@who.int,636 Bunker Hill Park,Washington,20508
189,Pancho,Radin,1981-05-07,Male,792-459-3540,pradin58@columbia.edu,683 Thompson Hill,Issy-les-Moulineaux,92782 CEDEX 9
190,Barrie,Peasegood,2011-06-03,Female,399-635-6981,bpeasegood59@stumbleupon.com,3 Annamark Crossing,Harderwijk,3844
191,Debee,Argent,2022-03-11,Female,355-765-1896,dargent5a@ameblo.jp,5 Kings Park,Chengdu,
192,Dennie,Stell,2018-04-19,Female,891-734-7228,dstell5b@squarespace.com,47 Reinke Street,Harbin,
193,Farleigh,Coltman,1984-10-30,Polygender,439-419-7620,fcoltman5c@slideshare.net,3075 American Ash Road,Frýdek-Místek,733 01
194,Candy,Georgot,2022-10-29,Female,972-181-4012,cgeorgot5d@hubpages.com,6 Petterle Plaza,Garland,75044
195,Melloney,Britney,2013-10-11,Female,980-626-5639,mbritney5e@dagondesign.com,49 Bay Terrace,Alzamay,665161
196,Cherey,Ellif,2016-07-24,Female,679-685-8559,cellif5f@com.com,532 Upham Place,Beaung Tengah,
197,Adi,Huggan,1984-06-28,Female,654-429-5907,ahuggan5g@narod.ru,22063 Jay Way,Kuantan,25676
198,Mellisa,Ianne,1991-01-27,Female,142-996-9552,mianne5h@weather.com,98865 Michigan Alley,Amiens,80048 CEDEX 1
199,Brooke,Lown,1995-03-25,Female,114-609-3226,blown5i@phoca.cz,4767 Arrowood Street,Hrabyně,747 67
200,Theo,Willment,1994-02-25,Female,297-454-8137,twillment5j@barnesandnoble.com,98 Sachtjen Alley,Mranggen,
201,Gene,Gerran,1985-08-07,Male,421-141-8329,ggerran5k@wikipedia.org,54 Mallard Alley,Mocímboa,
202,Marieann,Foynes,2019-05-03,Female,850-754-8505,mfoynes5l@slideshare.net,84 Old Shore Place,Lugui,4612
203,Aggi,Enriquez,2022-06-11,Female,583-304-5791,aenriquez5m@princeton.edu,5 Farwell Circle,Wohyń,21-310
204,Murielle,Francescuzzi,2002-10-11,Female,479-851-7187,mfrancescuzzi5n@nih.gov,5518 Green Parkway,Wiri,2241
205,Janessa,Kidstone,2019-09-03,Female,392-723-1901,jkidstone5o@opensource.org,6 Little Fleur Junction,Panacan,5032
206,Ambrose,McIlhatton,2004-04-17,Male,410-193-8119,amcilhatton5p@hao123.com,26 Derek Avenue,Budapest,1035
207,Grethel,Teek,1994-05-05,Female,209-304-2203,gteek5q@businesswire.com,09037 Waubesa Street,Noginsk,601231
208,Valaree,Losty,2015-06-22,Female,952-747-1480,vlosty5r@irs.gov,4302 Oak Trail,Ostrów Mazowiecka,07-310
209,Kippie,Longstreet,1980-08-19,Female,964-673-6737,klongstreet5s@ucsd.edu,1 Hallows Parkway,Dangjiaxian,
210,Hobey,Gunny,2011-11-20,Male,270-989-6281,hgunny5t@ow.ly,1365 Service Way,Shilu,
211,Marcy,Bosman,2005-07-10,Female,931-542-3977,mbosman5u@yandex.ru,8627 Sheridan Center,Chōfugaoka,203-0044
212,Foster,Gong,1980-04-29,Male,480-813-5477,fgong5v@github.com,11 Trailsway Center,Mesa,85205
213,Nanete,Matokhnin,1988-11-10,Female,184-510-6920,nmatokhnin5w@tripadvisor.com,738 Pleasure Road,Huyang,
214,Patty,Sandlin,1987-02-02,Female,476-525-7061,psandlin5x@biblegateway.com,7 Dawn Trail,Carregado,2580-466
215,Georges,Shermore,2007-03-06,Male,170-526-5578,gshermore5y@yahoo.com,5112 Chinook Plaza,Chuanbu,
216,Bell,Wallas,2020-04-12,Female,291-866-5832,bwallas5z@nymag.com,25 Westport Trail,Quinta do Sobrado,2440-176
217,Meredith,Westmore,1985-10-16,Female,188-936-9175,mwestmore60@shinystat.com,18 Kensington Parkway,Wan’an,
218,Devora,Vasyunkin,1987-06-30,Female,780-341-6599,dvasyunkin61@unblog.fr,990 Prairie Rose Place,Zaria,
219,Christophorus,Kinneally,2004-02-01,Male,516-655-0793,ckinneally62@example.com,03 Beilfuss Center,Longtang,
220,Rutger,Mickan,1986-07-21,Male,599-202-8554,rmickan63@fda.gov,2825 Bunting Junction,Nizami,
221,Dudley,Dashkovich,2023-01-10,Male,608-726-6905,ddashkovich64@storify.com,67 Merchant Center,Madison,53716
222,Lizzie,Izzard,1986-08-18,Female,333-725-1865,lizzard65@seattletimes.com,37602 Schiller Court,Sandu,
223,Tiphanie,Longina,2018-09-19,Female,729-128-8583,tlongina66@yahoo.co.jp,1972 Anhalt Way,Lapas,2350-089
224,Matthias,Wimlet,2014-11-19,Male,429-204-2036,mwimlet67@desdev.cn,7431 Buell Way,Milot,
225,Hollis,Pharoah,1996-07-25,Male,234-832-5819,hpharoah68@reference.com,8204 Badeau Parkway,Gò Quao,
226,Lovell,Trevallion,1985-04-11,Male,902-616-0235,ltrevallion69@mapy.cz,18390 Welch Street,Farshūţ,
227,Abby,Cortes,1990-02-07,Male,956-877-8709,acortes6a@over-blog.com,1420 Stephen Junction,Chom Bueng,70150
228,Welch,Brickell,1998-12-28,Male,106-281-9110,wbrickell6b@aol.com,55 Redwing Crossing,Bandungsari,
229,Munmro,Petrowsky,1990-03-20,Male,594-992-4865,mpetrowsky6c@feedburner.com,87310 Mitchell Hill,Werang,
230,Felipe,Code,2024-09-30,Male,529-822-7996,fcode6d@devhub.com,397 Bluejay Plaza,Lijia,
231,Louise,Kops,2015-05-15,Female,409-791-2465,lkops6e@auda.org.au,86 Lyons Street,Skopin,391833
232,Yurik,Gilli,2015-05-30,Male,552-811-3548,ygilli6f@t.co,707 Glacier Hill Alley,Sumuranyar,
233,Loise,Neal,2023-07-25,Female,826-261-3819,lneal6g@youku.com,8789 Eastlawn Circle,Bridgewater,B4V
234,Mylo,Eggleston,2018-11-11,Male,362-156-5024,meggleston6h@tumblr.com,189 Rutledge Junction,Vilar,4960-010
235,Les,Gowdy,2003-01-27,Male,423-996-0721,lgowdy6i@google.ru,192 Debs Circle,Leone,96799
236,Cally,McMillam,2007-06-11,Female,222-669-2391,cmcmillam6j@tiny.cc,317 Lighthouse Bay Crossing,Cimuncang,
237,Kellia,Palley,1993-06-08,Female,668-573-7257,kpalley6k@nhs.uk,288 Drewry Road,Clermont-Ferrand,63009 CEDEX 1
238,Ella,Giovannazzi,2000-10-07,Female,928-417-6798,egiovannazzi6l@ebay.co.uk,64553 Sommers Pass,Kanazawa-shi,924-0007
239,Marabel,Huthart,1996-06-06,Female,267-967-1618,mhuthart6m@weather.com,04 Truax Place,Polunochnoye,624577
240,Nicol,Earwaker,2005-04-29,Male,542-719-8730,nearwaker6n@hexun.com,04706 Service Center,Krasnapollye,
241,Faunie,Ganning,2008-03-12,Female,807-829-2426,fganning6o@instagram.com,3894 Lien Street,Kawungsari,
242,Darrelle,Lackinton,1984-12-16,Female,735-423-9356,dlackinton6p@slideshare.net,93619 Farragut Hill,El Tránsito,
243,Edgar,McGown,1980-07-14,Male,473-676-0849,emcgown6q@barnesandnoble.com,71834 Esch Circle,Avranches,50309 CEDEX
244,Alyosha,Finding,1989-05-22,Male,569-479-6894,afinding6r@washingtonpost.com,5 Mallard Trail,Kostyantynivka,
245,Aloise,Larkkem,2024-11-17,Female,888-882-1941,alarkkem6s@google.co.jp,9462 Waxwing Street,Kezileboyi,
246,Susy,Turland,2003-06-11,Female,612-988-2725,sturland6t@tripadvisor.com,84653 Ruskin Lane,Jönköping,551 21
247,Ophelia,McGannon,2006-01-06,Female,362-410-6004,omcgannon6u@tumblr.com,29 East Terrace,Oxapampa,
248,Idelle,Figgen,1998-02-27,Female,416-111-2242,ifiggen6v@sfgate.com,47214 Merry Drive,Kangalassy,677903
249,Burgess,Cometto,1993-10-24,Male,892-707-4435,bcometto6w@dot.gov,271 Vahlen Alley,Przeworsk,37-240
250,Maryjo,O'Deoran,2017-10-17,Female,192-168-4284,modeoran6x@princeton.edu,4 Artisan Way,Ngorongoro,
251,Antons,Braidman,2017-10-05,Male,419-552-0420,abraidman6y@hubpages.com,680 Lyons Road,Dananyu,
252,Sanson,Karczinski,1984-09-10,Male,871-451-4059,skarczinski6z@altervista.org,257 Melvin Avenue,Zhuangbu,
253,Logan,Dwelling,1981-04-07,Genderfluid,342-420-8843,ldwelling70@miitbeian.gov.cn,78 Hudson Road,Ketapang,
254,Bert,ducarme,2008-05-12,Female,483-626-2762,bducarme71@xrea.com,830 Scofield Alley,Mizunami,957-0048
255,Cristin,Thormwell,1994-11-09,Female,790-185-8412,cthormwell72@cnet.com,45329 Kenwood Place,Gongping,
256,Emmalynne,Simeonov,1996-08-06,Female,836-615-9379,esimeonov73@shareasale.com,3238 Burrows Terrace,Paris 08,75367 CEDEX 08
257,Arnie,Domerc,1993-12-09,Bigender,362-533-2906,adomerc74@constantcontact.com,9 Golden Leaf Hill,Além,4560-750
258,Ailbert,Smalls,2023-02-18,Male,382-921-2603,asmalls75@squarespace.com,276 Mariners Cove Point,Cineumbeuy,
259,Dore,Goligher,2024-07-22,Female,369-772-4266,dgoligher76@ebay.co.uk,43 Butterfield Alley,Kota Kinabalu,88817
260,Brandie,Geator,2016-08-07,Female,972-462-1821,bgeator77@simplemachines.org,144 Graceland Crossing,Tourcoing,59339 CEDEX
261,Ado,Newborn,1985-02-05,Male,829-267-7640,anewborn78@cocolog-nifty.com,61267 La Follette Street,Staraya Toropa,172630
262,Hedwiga,Sprott,2012-09-24,Female,750-185-9721,hsprott79@wikimedia.org,3 Park Meadow Road,Talun,
263,Andee,Bullock,2009-11-15,Agender,802-429-9255,abullock7a@arizona.edu,31474 Clyde Gallagher Crossing,Žabčice,664 63
264,Elly,Kobpa,1986-08-06,Female,450-333-5877,ekobpa7b@va.gov,91411 Montana Alley,Ostrožská Nová Ves,687 22
265,Parke,Birt,2008-07-27,Non-binary,886-623-4722,pbirt7c@phoca.cz,612 Washington Plaza,Miasteczko Śląskie,42-610
266,Corinne,Nitto,1995-04-23,Female,141-927-0179,cnitto7d@squarespace.com,600 Forster Junction,Kamal,
267,Case,Klich,2002-07-15,Male,204-108-9597,cklich7e@pagesperso-orange.fr,32500 Hagan Lane,Utrecht (stad),3530
268,Layton,Alsop,2004-10-06,Male,106-809-0276,lalsop7f@webmd.com,753 Grayhawk Trail,Changning,
269,Dinny,Gaudon,1985-06-21,Female,358-986-8594,dgaudon7g@mayoclinic.com,6 Dryden Center,Huangshi,
270,Preston,Ewan,2017-10-06,Male,207-796-3048,pewan7h@gizmodo.com,80774 Hoepker Lane,Kivertsi,
271,Heloise,Brumbye,2020-08-04,Female,432-195-9631,hbrumbye7i@google.com.br,7 Del Sol Lane,Arendal,4808
272,Arabelle,Umbers,1991-01-21,Female,288-249-5733,aumbers7j@elpais.com,8 Aberg Hill,Luzhang,
273,Giacobo,Boys,2022-08-08,Male,991-537-2149,gboys7k@wunderground.com,46530 Blaine Hill,Pärnu,
274,Case,Guerreau,1983-07-30,Male,948-541-6084,cguerreau7l@tripod.com,7 Artisan Plaza,Picoto,4830-073
275,Harp,Karlsen,1988-02-28,Male,474-500-1016,hkarlsen7m@xing.com,7 Acker Park,Tayu,
276,Karissa,Strass,2002-10-05,Female,858-955-5444,kstrass7n@newsvine.com,1 Fulton Place,Tekeli,
277,Malcolm,Scatcher,2002-09-22,Male,252-924-5232,mscatcher7o@patch.com,8960 Anniversary Drive,Ciyu,
278,Diannne,Loddon,2007-08-05,Female,230-662-0653,dloddon7p@seesaa.net,9 Ryan Center,Kablukan,
279,Konstantin,MacDearmaid,1986-03-22,Male,975-180-7291,kmacdearmaid7q@4shared.com,39234 Pierstorff Point,Phetchaburi,76150
280,Lesly,Caudle,2000-10-10,Female,508-852-9856,lcaudle7r@toplist.cz,49712 Northview Point,Huangcaotuo,
281,Antonino,Jiruch,2021-01-23,Male,977-768-0773,ajiruch7s@geocities.com,7014 Jay Center,Chengzhong,
282,Lolita,Gabbatiss,2016-05-31,Female,468-568-5383,lgabbatiss7t@ebay.co.uk,5056 Corscot Way,Krasnogorskiy,425090
283,Darbee,Balke,2003-01-12,Male,562-207-1644,dbalke7u@fda.gov,924 Everett Hill,Oumiao,
284,Willa,Matten,2004-06-19,Polygender,637-252-8504,wmatten7v@github.io,96 Doe Crossing Pass,Serrana,14150-000
285,Coralie,Camelin,1994-09-22,Female,654-240-9019,ccamelin7w@arstechnica.com,6306 Glendale Plaza,Lebak,
286,Erich,Cubbinelli,2015-10-05,Male,382-512-8637,ecubbinelli7x@sogou.com,34 North Court,Gaza,
287,Elfrida,Airey,1991-09-07,Female,315-329-5340,eairey7y@independent.co.uk,3692 New Castle Drive,Emiliano Zapata,96818
288,Catha,Soame,2014-10-08,Female,956-953-4273,csoame7z@ifeng.com,05 Harbort Center,Tsant,
289,Kurt,Laughlin,1997-04-13,Male,713-495-8000,klaughlin80@google.com.hk,184 Sherman Parkway,Stockholm,103 22
290,Wilek,Hambric,2016-11-16,Male,870-455-8244,whambric81@statcounter.com,0 Esker Road,Laventure,
291,Florencia,Godbold,1998-08-20,Female,418-562-4307,fgodbold82@addthis.com,76164 Ilene Court,Fengle,
292,Petey,Ethridge,2005-04-23,Polygender,704-751-7831,pethridge83@npr.org,7 Toban Way,Shaochang,
293,Mickie,Cullivan,2006-08-25,Female,568-586-5687,mcullivan84@google.es,5145 Sunnyside Alley,Haridimun,
294,Herve,Methley,1984-07-05,Male,425-884-9257,hmethley85@usa.gov,8301 Homewood Crossing,Barão de São Miguel,8650-005
295,Westbrook,Flacknoe,2019-04-23,Male,196-951-2257,wflacknoe86@xrea.com,225 Melrose Street,Shuangxi,
296,Christy,Glidden,1990-09-13,Female,867-398-8255,cglidden87@nsw.gov.au,581 Becker Pass,Eg-Uur,
297,Clyve,Scurfield,1980-04-27,Male,860-929-8643,cscurfield88@a8.net,16174 Knutson Terrace,Saint-Julien-en-Genevois,74164 CEDEX
298,Rupert,Stood,1983-12-28,Male,181-798-5070,rstood89@github.com,840 Loomis Alley,La Virgen,50695
299,Torrence,Atlay,2004-07-21,Male,882-985-8104,tatlay8a@digg.com,8851 Debs Hill,Reims,51074 CEDEX
300,Pepi,Basini-Gazzi,1993-01-04,Female,520-468-2892,pbasinigazzi8b@imageshack.us,74212 Ramsey Drive,Songon,
301,Lexie,Leroy,1988-08-04,Female,561-881-6059,lleroy8c@skyrock.com,59109 Laurel Parkway,Delray Beach,33448
302,Stanton,Absolon,2000-11-05,Bigender,538-870-3491,sabsolon8d@squarespace.com,07328 Wayridge Pass,Orguz,
303,Maynord,Musson,2013-08-29,Male,994-655-8857,mmusson8e@ted.com,29 Jenifer Road,Emplak,
304,Kim,Carlill,2007-04-15,Male,320-304-1711,kcarlill8f@ihg.com,15 Leroy Street,Gumawang,
305,Todd,Eminson,2012-08-09,Male,242-403-6760,teminson8g@last.fm,5 Tennessee Plaza,Неготино,1236
306,Wittie,Lenham,1992-09-04,Male,607-269-7869,wlenham8h@hibu.com,443 West Court,Hukou,
307,Georg,Beale,2006-12-05,Male,241-859-3755,gbeale8i@miitbeian.gov.cn,28420 Miller Way,Baoping,
308,Vivyan,Tenney,2012-09-13,Female,813-570-3969,vtenney8j@wufoo.com,18446 Hayes Drive,Santo Antônio de Posse,13830-000
309,Dorisa,Caldes,1987-02-02,Female,661-557-6661,dcaldes8k@reference.com,63 Prairieview Point,Dębno,74-400
310,Maddalena,Auletta,1988-04-04,Female,596-281-6255,mauletta8l@homestead.com,31473 Schlimgen Trail,Acacías,507009
311,Clerissa,Hentzer,1985-06-20,Female,421-536-8768,chentzer8m@trellian.com,8522 Maple Wood Avenue,Napier,4147
312,Debi,Brun,1995-12-19,Female,246-737-8754,dbrun8n@stanford.edu,0295 Prairie Rose Center,Karangkancana,
313,Nellie,Zorer,2020-08-21,Female,570-393-0794,nzorer8o@utexas.edu,46309 Rieder Parkway,Kota Bharu,15670
314,Toddie,Matiashvili,2007-12-16,Male,512-254-9435,tmatiashvili8p@redcross.org,8411 Dawn Pass,Lons-le-Saunier,39039 CEDEX 9
315,Letitia,Cornu,2014-12-23,Female,949-353-4208,lcornu8q@mtv.com,74 Rutledge Trail,Mizunami,957-0048
316,Ash,Hundell,2017-04-11,Male,346-321-0019,ahundell8r@businessinsider.com,93 Melrose Hill,Gexi,
317,Bert,Tillot,2010-08-15,Male,112-726-9816,btillot8s@ed.gov,18977 Hollow Ridge Center,Hisor,
318,Christen,Marcq,1981-03-01,Female,898-875-4811,cmarcq8t@ft.com,3 Raven Trail,Iralaya,
319,Goldina,Tincombe,2008-08-11,Female,187-155-6374,gtincombe8u@odnoklassniki.ru,3479 Donald Center,El Quebrachal,5101
320,Nickolai,Collip,2009-03-31,Male,703-193-1321,ncollip8v@usa.gov,287 Porter Junction,Tuatuka,
321,Herb,McEntagart,2019-09-28,Male,143-177-9931,hmcentagart8w@technorati.com,2 Sugar Parkway,Bergen,5098
322,Guillermo,Sanderson,1984-08-25,Male,151-695-9652,gsanderson8x@va.gov,676 Prairie Rose Place,Udon Thani,24000
323,Ann-marie,Ivetts,2018-07-25,Female,766-203-7788,aivetts8y@amazon.co.jp,7457 David Trail,Ayacucho,
324,Boy,Glasby,2005-03-09,Male,503-124-1407,bglasby8z@buzzfeed.com,3925 Fremont Crossing,Portland,97296
325,Urbano,Lantiff,1988-10-17,Male,175-849-0638,ulantiff90@mashable.com,66046 Oak Drive,Dagushan,
326,Whittaker,Ianson,1997-10-19,Male,461-318-3648,wianson91@hud.gov,2 Heffernan Road,Las Junturas,5965
327,Saundra,Wakelin,2011-07-03,Male,155-259-4682,swakelin92@vkontakte.ru,165 Hintze Pass,Heshan,
328,Law,Cheatle,1997-06-01,Male,412-841-3927,lcheatle93@flickr.com,530 Springview Lane,Anzi,
329,Lark,Nethercott,2009-07-08,Female,958-924-8865,lnethercott94@answers.com,81 Truax Circle,Kuzhorskaya,385765
330,Betteann,Lyven,2006-09-27,Female,340-457-6152,blyven95@blogs.com,2 Lillian Center,Stopnica,28-130
331,Lazaro,Lindfors,1999-12-04,Male,476-976-9452,llindfors96@weebly.com,15629 Bashford Road,Wonokerto,
332,Lyndsey,Gyford,2014-07-17,Female,237-181-4008,lgyford97@ucoz.ru,05 Elka Drive,Mongo,
333,Daphna,Lornsen,2001-06-29,Female,208-672-1319,dlornsen98@buzzfeed.com,41505 Forest Point,Shuitianzhuang,
334,Mattie,Broker,2020-05-13,Male,514-154-5848,mbroker99@last.fm,42029 Glacier Hill Pass,Paris 12,75604 CEDEX 12
335,Raleigh,Mereweather,1993-11-05,Male,933-310-1553,rmereweather9a@hibu.com,6224 Rigney Junction,Jahrom,
336,Edouard,Anespie,1998-05-28,Male,308-469-9421,eanespie9b@elpais.com,81982 Esch Park,Otjimbingwe,
337,Herold,Kahn,2005-07-05,Male,940-453-1597,hkahn9c@archive.org,6100 Mallory Crossing,Yabuli,
338,Raddie,Antognetti,2011-01-05,Male,653-196-1887,rantognetti9d@shareasale.com,6952 Waywood Street,Nanggewer,
339,Tony,Gabey,1986-11-07,Female,974-514-4048,tgabey9e@smugmug.com,51 Barby Place,Qinghe,
340,Waldo,Reeve,1988-07-07,Non-binary,129-174-3213,wreeve9f@imgur.com,7743 Columbus Road,Osilnica,1337
341,Mikey,Vokins,2002-06-07,Male,678-196-3968,mvokins9g@macromedia.com,6240 Southridge Trail,Fortios,7300-655
342,Caspar,Bront,1987-10-17,Male,655-270-7566,cbront9h@tmall.com,6 Carioca Drive,Takengon,
343,Kiri,Durante,1981-01-19,Female,679-692-1858,kdurante9i@blogtalkradio.com,409 Kedzie Road,Qixia,
344,Cy,Dauby,1991-06-15,Male,462-129-7642,cdauby9j@omniture.com,558 Pepper Wood Terrace,Igreja,5050-401
345,Latisha,Bath,1998-11-21,Female,393-564-3933,lbath9k@house.gov,37830 Hagan Lane,Радишани,1011
346,Glynnis,Heyns,2005-06-20,Female,796-978-6266,gheyns9l@earthlink.net,6 Holmberg Court,Piltown,T34
347,Brigitta,Milesop,1995-11-05,Female,676-752-9656,bmilesop9m@sun.com,7470 Toban Circle,Krzczonów,32-435
348,Fredrika,Illidge,2007-01-07,Female,149-705-1934,fillidge9n@naver.com,4 Melby Trail,Jayaraga Kaler,
349,Perla,Snazel,2010-10-30,Female,445-236-9364,psnazel9o@ameblo.jp,990 Eastlawn Center,Meshcherino,142855
350,Colet,Ladell,1990-09-20,Male,337-320-5430,cladell9p@webnode.com,00 Lotheville Trail,Baiyun,
351,Adelice,Trahmel,2018-05-22,Female,883-811-6207,atrahmel9q@sina.com.cn,54 Upham Terrace,Kutampi,
352,Eziechiele,Hodge,2015-01-07,Male,215-968-3093,ehodge9r@tinyurl.com,27 Petterle Drive,Pryluky,
353,Feliks,Curee,2003-10-12,Male,104-120-7099,fcuree9s@creativecommons.org,0 Magdeline Parkway,Frontignan,34114 CEDEX
354,Christiano,Pinnington,1997-09-09,Male,179-654-3503,cpinnington9t@bizjournals.com,4852 Onsgard Junction,Pinoma,3404
355,Rikki,Oxtarby,1993-10-15,Female,704-605-0532,roxtarby9u@eventbrite.com,38 Hanover Place,Pameungpeuk,
356,Wallis,Radki,2019-11-17,Female,480-597-0416,wradki9v@blogtalkradio.com,038 Oxford Plaza,Bang Na,10260
357,Nikos,Le Merchant,1997-09-12,Male,298-299-4123,nlemerchant9w@nyu.edu,70 Shelley Terrace,Nanshi,
358,Vannie,Blain,2005-02-09,Agender,724-762-4221,vblain9x@tripadvisor.com,17 Waxwing Parkway,Seredyna-Buda,
359,Kenton,Havelin,2012-01-13,Genderfluid,495-607-6471,khavelin9y@diigo.com,10976 Melvin Junction,Shuangqiao,
360,Roma,O'Heneghan,1985-11-12,Male,733-820-3084,roheneghan9z@dropbox.com,05288 Arapahoe Lane,Shuangxi,
361,Paula,Di Frisco,2023-08-29,Female,647-502-2593,pdifriscoa0@amazonaws.com,808 Lien Lane,Alfortville,94149 CEDEX
362,Clyde,Gotthard.sf,1983-07-29,Male,273-317-3795,cgotthardsfa1@wix.com,5576 Gateway Hill,Junaynat Raslān,
363,Lionel,Heinreich,2021-03-07,Male,131-438-6248,lheinreicha2@yellowpages.com,8 Westridge Crossing,Wydminy,11-510
364,Grazia,McMorland,2023-09-10,Female,671-367-8858,gmcmorlanda3@photobucket.com,751 Division Hill,Verkhniy Landekh,155210
365,Dudley,Bromet,1988-03-21,Male,680-852-6578,dbrometa4@state.gov,2 Helena Road,Baras,4803
366,Sayres,Farren,2018-12-11,Agender,375-438-7862,sfarrena5@utexas.edu,7002 Village Park,Zouiat ech Cheïkh,
367,Elfrieda,Braunroth,2015-04-23,Female,163-896-7940,ebraunrotha6@ucoz.com,3327 Victoria Junction,Kolno,18-500
368,Kevon,Denes,1991-12-21,Male,212-692-8000,kdenesa7@adobe.com,15 Jay Court,Lyubertsy,140074
369,Olivero,Stapels,1995-01-22,Male,194-593-3295,ostapelsa8@joomla.org,87 Dixon Parkway,Diré,
370,Amata,Cherrison,1991-01-25,Female,622-608-4947,acherrisona9@cargocollective.com,80 Pine View Avenue,Cruz de los Milagros,3441
371,Emmery,Snufflebottom,2009-07-08,Male,206-342-0031,esnufflebottomaa@360.cn,3307 Riverside Court,Garahaji,
372,Gradeigh,Lorant,2012-08-12,Male,864-404-5319,glorantab@plala.or.jp,8050 Sommers Circle,Barrouallie,
373,Andie,Insole,2021-01-20,Male,927-674-0788,ainsoleac@cdbaby.com,9744 Golf Parkway,Beaumont,T4X
374,Baily,Netting,2022-11-17,Genderfluid,448-255-5762,bnettingad@paypal.com,1272 8th Lane,Thị Trấn Nho Quan,
375,Arlyne,Raubheim,1985-12-07,Female,659-919-6582,araubheimae@webeden.co.uk,17367 Lakewood Gardens Junction,Gálvez,2253
376,Michel,Davydkov,2000-01-15,Female,164-150-5435,mdavydkovaf@sohu.com,8 Melrose Way,Iwye,
377,Corby,Olivello,1988-07-11,Male,458-766-6937,colivelloag@google.com.au,9080 Roxbury Park,Gastoúni,
378,Bogey,Gebbe,2012-04-20,Male,454-939-8683,bgebbeah@hao123.com,1 Acker Circle,Vallegrande,
379,Lura,Perryman,1987-10-27,Female,441-523-5233,lperrymanai@usatoday.com,749 Armistice Lane,Tiling,1112
380,Rennie,Peddersen,2011-08-10,Female,594-255-6142,rpeddersenaj@army.mil,2405 Anniversary Point,Cambarus,1259
381,Conrade,Feek,2008-05-15,Male,216-702-8630,cfeekak@utexas.edu,90468 Marquette Park,Moshkovo,633130
382,Gavin,Chattoe,1981-03-12,Male,370-147-4617,gchattoeal@technorati.com,6 Stephen Road,Borucin,47-451
383,Jerad,Knevett,2020-06-09,Male,632-563-8258,jknevettam@disqus.com,094 Ludington Center,Asykata,
384,Arvie,Hillum,1995-03-27,Male,798-168-5746,ahilluman@patch.com,5 Mitchell Court,Podhum,51218
385,Vernon,Dobble,1983-02-25,Male,289-173-3802,vdobbleao@blog.com,959 Corscot Parkway,Sofrino,403159
386,Della,Ivery,1989-11-23,Female,857-212-3386,diveryap@pinterest.com,37 Center Point,Tegalagung,
387,Cortney,Broxup,1991-05-19,Agender,513-444-2250,cbroxupaq@cdbaby.com,10 Johnson Junction,Batgrām,21041
388,Gaile,Godart,1997-11-15,Male,199-155-2749,ggodartar@icio.us,730 Dottie Drive,Boyarka,
389,Hazel,Aylin,2014-10-08,Polygender,155-492-7833,haylinas@odnoklassniki.ru,69056 Spenser Terrace,Eastern Suburbs Mc,1391
390,Aurore,Gordon-Giles,1997-05-19,Genderqueer,115-202-4963,agordongilesat@zdnet.com,80129 David Way,Mingshui,
391,Oralee,Fripps,2022-07-30,Female,573-760-1279,ofrippsau@hubpages.com,9223 Russell Place,Macedo de Cavaleiros,5340-197
392,Sonnie,Espada,2001-01-15,Male,330-899-4498,sespadaav@so-net.ne.jp,034 Dapin Place,Zheyuan,
393,Nona,Ripley,2006-12-28,Female,248-216-1072,nripleyaw@is.gd,679 Graceland Avenue,Luanda,
394,Lela,Sutterby,2009-12-08,Female,513-940-7647,lsutterbyax@friendfeed.com,38 Ohio Pass,Cincinnati,45208
395,Carolyne,Jacob,1985-09-27,Female,539-277-8697,cjacobay@purevolume.com,78321 Northwestern Court,Ganping,
396,Olvan,Tombleson,1989-06-25,Male,445-151-3091,otomblesonaz@skype.com,18942 Westerfield Parkway,Esperanza,5131
397,Cristian,Hesse,1983-07-19,Male,864-858-9031,chesseb0@ftc.gov,260 2nd Hill,Juarez,32630
398,Sarajane,Rehor,2019-06-23,Female,264-119-2298,srehorb1@nytimes.com,530 Artisan Drive,Andaray,
399,Ogdon,Heinecke,2012-11-22,Male,156-873-8922,oheineckeb2@newsvine.com,2 Michigan Plaza,Khóra,
400,Hillel,Thomerson,2025-02-12,Male,775-232-8898,hthomersonb3@usatoday.com,5627 Summerview Drive,Pulau Pinang,10550
401,Nev,Feander,2019-02-25,Genderqueer,437-886-0627,nfeanderb4@indiegogo.com,550 Fallview Avenue,Pinoma,3404
402,Lindsay,Hannis,1980-10-20,Male,855-772-7204,lhannisb5@odnoklassniki.ru,14 Lakewood Gardens Way,Newtown,RG20
403,Barbie,Kolin,2022-12-25,Female,427-179-0343,bkolinb6@people.com.cn,2833 Luster Drive,Laojunmiao,
404,Bartlett,Manoch,2009-07-05,Male,575-380-3740,bmanochb7@simplemachines.org,3034 Schurz Center,Akim Swedru,
405,Sanders,Peerman,2019-06-18,Male,831-469-7771,speermanb8@wikimedia.org,876 Farmco Pass,Mariinsk,652156
406,Austin,McIan,2023-12-06,Male,241-234-4725,amcianb9@cdbaby.com,923 Springview Parkway,Saukkola,09430
407,Jessy,Alekseev,1985-03-25,Polygender,369-811-7017,jalekseevba@w3.org,4 Pawling Center,Kedungbacin,
408,Marty,Thulborn,2022-08-15,Male,146-104-5508,mthulbornbb@howstuffworks.com,604 Transport Plaza,Mekarsari,
409,Tallie,Skerrett,2013-08-26,Male,161-538-6855,tskerrettbc@fda.gov,4 Troy Circle,Norak,
410,Jeremy,Ber,1999-10-29,Male,745-107-2447,jberbd@mashable.com,6 Prairieview Avenue,Diaoluoshan,
411,Umberto,Dalgleish,2014-12-27,Male,665-973-6579,udalgleishbe@ezinearticles.com,0666 Pond Drive,Sūrak,
412,Armando,Drewell,2012-01-11,Male,370-864-0533,adrewellbf@usda.gov,27 Kennedy Street,Saraqinishtë,
413,Monro,Spini,1987-02-19,Male,398-876-2711,mspinibg@rakuten.co.jp,85767 Jenifer Trail,Pijao,632067
414,Baron,Klimkowski,2017-03-10,Male,960-913-4480,bklimkowskibh@comsenz.com,2 Helena Pass,Xinchang,
415,Holmes,Hambright,1996-03-08,Male,256-887-2459,hhambrightbi@hud.gov,6 Vernon Pass,Gajiram,
416,Guillaume,Jagielski,2012-10-25,Male,514-575-8300,gjagielskibj@merriam-webster.com,3033 Mandrake Point,Guancangping,
417,Oralla,Fairlam,1990-03-18,Female,562-864-5280,ofairlambk@ustream.tv,1250 Merry Way,Yueyahe,
418,Margette,Devereu,2015-10-22,Female,767-268-5452,mdevereubl@hud.gov,6 Bashford Circle,Huarong,
419,Erskine,O'Ferris,1999-04-29,Male,993-819-3643,eoferrisbm@geocities.com,018 Westend Drive,San Julian,
420,Chev,O'Hickey,2013-12-25,Polygender,928-819-8806,cohickeybn@cnn.com,618 Hooker Center,Xiangfu,
421,Marj,Chataignier,1997-07-28,Female,878-561-0272,mchataignierbo@about.me,1 Kedzie Center,Altkirch,68134 CEDEX
422,Benedict,Abrahart,2017-03-14,Male,859-844-9381,babrahartbp@virginia.edu,82490 Independence Place,Alarobia,
423,Kerby,Fidoe,1993-03-27,Male,495-519-0108,kfidoebq@github.com,758 Carberry Point,Orhei,MD-3547
424,Noellyn,Blonfield,2006-11-20,Bigender,384-990-7502,nblonfieldbr@canalblog.com,1 Shoshone Court,Mina Clavero,5889
425,Fowler,Ramel,1986-07-08,Male,396-323-2792,framelbs@gizmodo.com,02683 Havey Street,Revelstoke,H9K
426,Filmer,Shord,2012-08-13,Male,343-800-6444,fshordbt@nhs.uk,6093 Amoth Plaza,Abuko,
427,Lindsy,Downey,1993-04-02,Genderqueer,566-130-1166,ldowneybu@ted.com,04 Butterfield Place,Pérez,2121
428,Zebadiah,Stubbington,2012-10-31,Male,233-982-5914,zstubbingtonbv@guardian.co.uk,0635 Mcguire Trail,Wanganui,4541
429,Royall,Raynard,1989-12-12,Male,284-188-9797,rraynardbw@devhub.com,1 Vera Junction,Buliwao,3711
430,Tandy,Ginnelly,2005-09-23,Non-binary,413-170-9005,tginnellybx@macromedia.com,9 Reindahl Court,Borūjerd,
431,Maximilian,Ruberti,1980-09-03,Male,912-427-3109,mrubertiby@multiply.com,33 Hovde Trail,Kotingnatagete,
432,Annetta,Myall,1995-08-15,Female,926-428-2927,amyallbz@theguardian.com,11770 International Alley,Mandaue City,6014
433,Adrianna,Lupton,2006-04-09,Female,905-247-4288,aluptonc0@spotify.com,0152 Fairfield Circle,Koryčany,768 05
434,Berkly,Kirk,2011-02-11,Male,543-538-1569,bkirkc1@businessinsider.com,8 Ridge Oak Hill,Quintão,4745-328
435,Pepito,Probart,1999-02-19,Male,624-925-3572,pprobartc2@histats.com,1940 Kensington Terrace,Tabogon,6009
436,Fedora,Gilardi,2007-06-28,Female,487-345-2506,fgilardic3@canalblog.com,4282 American Ash Point,Радовиш,2423
437,Laurie,Rizzi,2002-09-29,Female,573-540-5495,lrizzic4@ted.com,72 Meadow Ridge Lane,Olyshivka,
438,Vasili,Wivell,2016-05-01,Male,452-840-9426,vwivellc5@discovery.com,70 Manufacturers Point,Trzcinica,63-620
439,Robinson,Ralls,2010-05-26,Male,786-495-5362,rrallsc6@nasa.gov,41 Bluestem Center,Tartaro,2307
440,Barthel,Carragher,2020-09-10,Male,864-675-6429,bcarragherc7@moonfruit.com,34425 Starling Center,Guaymango,
441,Yoshiko,Craig,1991-09-26,Female,383-478-4399,ycraigc8@edublogs.org,01 Barby Court,Titao,
442,Nate,Sabatier,2014-03-18,Male,722-784-8366,nsabatierc9@bigcartel.com,32 Di Loreto Lane,Urozhaynoye,361215
443,Belicia,Hunsworth,1987-05-02,Female,144-707-8284,bhunsworthca@ihg.com,65 Steensland Center,Port Louis,
444,Angele,Gilbart,1993-06-12,Female,579-599-0706,agilbartcb@phoca.cz,48587 Westerfield Court,Palecenan,
445,Morgen,Campsall,1992-04-16,Male,958-921-7221,mcampsallcc@marketwatch.com,43 Portage Circle,Shuitianhe,
446,Conroy,Tyre,2003-07-10,Male,170-702-5881,ctyrecd@domainmarket.com,457 Sachtjen Lane,Gongrong,
447,Garwin,Demare,1981-08-14,Male,311-610-1267,gdemarece@economist.com,454 Kensington Junction,Fangshan,
448,Pren,Cammock,2018-05-22,Male,738-965-0795,pcammockcf@hao123.com,8 Wayridge Trail,Nong Bua Daeng,36210
449,Teodor,Annakin,1991-12-19,Male,734-135-4989,tannakincg@gizmodo.com,101 Carey Street,Huangzhuang,
450,Ansel,Biles,2015-07-20,Male,350-795-5199,abilesch@slate.com,5080 Debs Hill,Tongda,
451,Vivie,Penny,2015-11-06,Female,353-360-7530,vpennyci@jugem.jp,446 Brickson Park Avenue,Muarasiau,
452,Jessi,Rigby,2007-01-20,Female,602-130-6577,jrigbycj@scribd.com,4648 Comanche Court,Jatake,
453,Morton,Cordrey,1984-07-23,Male,808-991-1308,mcordreyck@phpbb.com,4 Jenna Alley,Krajan Satu,
454,Lottie,Bainbridge,2023-04-14,Female,951-558-6072,lbainbridgecl@wikimedia.org,61 Golf View Point,Jembangan,
455,Friedrick,Lamborn,2010-12-03,Male,477-464-9666,flamborncm@sciencedaily.com,594 Loeprich Crossing,Vryburg,8680
456,Doralyn,Keener,1982-05-31,Female,174-872-5476,dkeenercn@samsung.com,490 Gulseth Park,Kinna,511 58
457,Farleigh,Letteresse,2007-11-05,Male,806-107-6636,fletteresseco@soundcloud.com,94830 Aberg Place,Sucha,89-525
458,Vincent,Kondratenya,2017-12-04,Male,393-923-8532,vkondratenyacp@i2i.jp,63501 Sundown Center,Irbit,623850
459,Lorry,Toomey,1983-12-06,Male,171-890-3888,ltoomeycq@so-net.ne.jp,288 Vahlen Drive,Vila Chã,3720-727
460,Salomon,Filliskirk,1980-09-22,Polygender,198-119-3466,sfilliskirkcr@posterous.com,6749 Duke Trail,Inčukalns,
461,Sibyl,Badgers,1982-02-24,Genderqueer,551-598-3684,sbadgerscs@delicious.com,15277 La Follette Drive,Vila Nova,4690-588
462,Marijn,Bowerbank,1986-07-28,Male,685-361-3595,mbowerbankct@diigo.com,1 Arapahoe Crossing,Tumba,
463,Ulysses,Stenhouse,1980-08-17,Male,980-897-3394,ustenhousecu@sina.com.cn,1598 Milwaukee Hill,Machang,
464,Carey,Woliter,2011-03-27,Male,617-939-9461,cwolitercv@mozilla.org,00542 Vernon Street,Azacualpa,
465,Brear,Amerighi,1989-02-25,Female,661-355-1177,bamerighicw@latimes.com,745 Cordelia Alley,Huangbizhuang,
466,Georgianne,Castanares,1991-12-18,Bigender,469-318-8216,gcastanarescx@shop-pro.jp,062 Park Meadow Plaza,Langkou,
467,Jade,Tivers,2006-05-06,Female,444-457-8151,jtiverscy@accuweather.com,25 Clemons Trail,Lappeenranta,54300
468,Bunni,Schwanden,2006-03-06,Female,595-223-2080,bschwandencz@msu.edu,33 Southridge Crossing,Rozhdestveno,399768
469,Antonius,Teissier,1985-04-09,Male,867-163-1780,ateissierd0@cbsnews.com,6022 Sauthoff Hill,Hässelby,165 60
470,Randee,Jose,2004-10-15,Female,725-877-3092,rjosed1@army.mil,31039 Hauk Crossing,Carleton Place,K7C
471,Cristy,Spalding,2007-11-22,Female,773-933-0844,cspaldingd2@dailymotion.com,99341 Sauthoff Park,Mandala,
472,Gary,Drohan,2019-03-12,Male,773-491-4111,gdrohand3@meetup.com,654 Scott Center,Torbeyevo,431045
473,Sheridan,Kilty,2022-06-18,Male,298-299-6834,skiltyd4@liveinternet.ru,3 Morrow Terrace,Al Muwayh,
474,Maye,Nye,1995-06-26,Female,814-808-6350,mnyed5@nbcnews.com,75808 Wayridge Park,Karagay,617210
475,Hanson,St Leger,2010-10-29,Male,723-336-1092,hstlegerd6@tuttocitta.it,4363 Carioca Way,Piaocao,
476,Leroi,Cavet,2019-07-12,Male,441-968-0517,lcavetd7@bigcartel.com,3 Old Shore Hill,Jalingo,
477,Kristina,Scrowton,2006-11-28,Female,264-955-6874,kscrowtond8@mozilla.com,6 Washington Way,Działdowo,13-210
478,Bax,Kubin,2006-02-07,Male,610-233-2567,bkubind9@mail.ru,46 Grayhawk Terrace,Pôrto Barra do Ivinheima,37790-000
479,Sergei,Orgen,1982-07-24,Male,574-763-7697,sorgenda@wikia.com,91 Erie Circle,Komi,
480,Aurie,Janata,1986-02-20,Female,486-824-7421,ajanatadb@webs.com,29851 Bartelt Park,Diavatós,
481,Virgie,Forrest,1995-09-28,Female,386-681-3125,vforrestdc@intel.com,15645 Manley Circle,Novoishimskiy,
482,Caryl,Vye,2004-01-09,Female,363-775-9042,cvyedd@barnesandnoble.com,95337 Jenifer Drive,Libas,3103
483,Raphaela,Render,2000-09-26,Female,486-240-4305,rrenderde@sitemeter.com,33322 Lyons Lane,Nanga Eboko,
484,Glynda,Pullar,2010-10-03,Bigender,119-939-9607,gpullardf@nhs.uk,87503 Farragut Trail,Bulakan,
485,Diana,Blankhorn,1985-01-30,Female,159-601-4087,dblankhorndg@pen.io,1 Transport Way,Kalate,
486,Hartley,MacAvddy,2000-08-27,Polygender,673-677-1636,hmacavddydh@miitbeian.gov.cn,3 Merry Alley,Péplos,
487,Deanna,Saffrin,1990-08-14,Female,609-547-4036,dsaffrindi@cornell.edu,4321 Oakridge Center,Saramech,
488,Alister,Haydney,2013-07-11,Polygender,759-210-3460,ahaydneydj@europa.eu,53 5th Drive,Banī Zayd,
489,Lida,Da Costa,2015-08-06,Female,109-466-2939,ldacostadk@biblegateway.com,6 Garrison Parkway,Honoria,
490,Hamid,Storrar,2005-02-24,Male,753-920-2326,hstorrardl@4shared.com,2759 Little Fleur Crossing,Hlyboka,
491,Bessie,Varah,2004-06-03,Female,282-355-3357,bvarahdm@vinaora.com,34 Superior Parkway,Tralee,V92
492,Rosalind,Duinbleton,2019-12-16,Female,255-570-3155,rduinbletondn@sogou.com,7 Springview Crossing,Examília,
493,Skelly,Cranshaw,2011-03-28,Male,809-936-8784,scranshawdo@marriott.com,3095 Prentice Center,Cergy-Pontoise,95652 CEDEX
494,Herschel,Reitenbach,1993-02-19,Male,986-176-2067,hreitenbachdp@quantcast.com,6 Fordem Junction,Yanguan,
495,Bari,Urpeth,1991-01-18,Female,725-774-4063,burpethdq@amazon.co.jp,98 Pankratz Plaza,Varpaisjärvi,73201
496,Laraine,Audibert,1988-10-04,Female,560-723-9642,laudibertdr@t.co,965 Sutteridge Circle,Bintulu,97010
497,Hadrian,Dytham,2018-07-27,Male,693-229-6031,hdythamds@hatena.ne.jp,101 Sachs Trail,Launceston,7904
498,Susanne,Carbery,2020-01-28,Female,301-212-3617,scarberydt@china.com.cn,5 Killdeer Lane,Bambali,
499,Wilden,Lacase,2022-06-16,Male,273-601-2756,wlacasedu@bing.com,23012 Redwing Parkway,Hadakewa,
500,Jareb,Sivills,1998-09-18,Male,916-347-3044,jsivillsdv@ezinearticles.com,4 Bartillon Drive,Pasirgaru,
