supplier_id,supplier_name,contact_person,contact_number,email
1,Meevee,Fayina Bagehot,7196823137,fbagehot0@nymag.com
2,Photobug,Maxwell Rougier,8297534858,mrougier1@chronoengine.com
3,Chatterpoint,Alvinia Josephoff,2998558123,ajosephoff2@squidoo.com
4,Eire,Cherianne Ody,4746932631,cody3@desdev.cn
5,Jaxbean,Nicol Sigge,5418962256,nsigge4@comsenz.com
6,Dynabox,Danya Richt,5326249669,dricht5@storify.com
7,Fiveclub,Ronda Josuweit,4076726406,rjosuweit6@hatena.ne.jp
8,Feedspan,Karlotta Drewell,7139331139,kdrewell7@nbcnews.com
9,Fanoodle,Prince Le Barr,6524996420,ple8@foxnews.com
10,Vimbo,Laurens Stammler,7564682526,lstammler9@cnet.com
11,Buzzbean,Wallace Duthy,2455010285,wduthya@delicious.com
12,Voonyx,Trumaine Buckeridge,6483280251,tbuckeridgeb@ocn.ne.jp
13,Twiyo,Linet Jorioz,3608614815,ljoriozc@uol.com.br
14,Innotype,Mary Pauletti,4173761069,mpaulettid@cisco.com
15,Gigazoom,Baxy Hayland,7209469649,bhaylande@ehow.com
16,Twitterwire,Polly Squire,8083883967,psquiref@chronoengine.com
17,Miboo,Emmie Pigott,4511927838,epigottg@sbwire.com
18,Eadel,Wynn Ladson,6771368839,wladsonh@dailymail.co.uk
19,Meeveo,Kylynn Pavia,5291316567,kpaviai@bing.com
20,Mybuzz,Tana Towne,4439322619,ttownej@geocities.com
21,Kwideo,Helli Rowbottom,3325302741,hrowbottomk@marketwatch.com
22,Kazio,Katrina Rivalland,6336996837,krivallandl@mayoclinic.com
23,Trilith,Lorelle Faustian,6715363374,lfaustianm@salon.com
24,Edgeclub,Marlo Kmiec,3679957454,mkmiecn@google.nl
25,Youtags,Wilek Cranston,6533783572,wcranstono@alexa.com
26,Wikivu,Denni Clapham,1906034675,dclaphamp@facebook.com
27,Wikivu,Lettie Humbatch,9863342780,lhumbatchq@china.com.cn
28,Gabvine,Elenore Eddicott,3387685700,eeddicottr@phpbb.com
29,Plambee,Britney Mapstone,1545454876,bmapstones@ow.ly
30,Plambee,Mickie Winstone,5538439339,mwinstonet@dyndns.org
31,Skimia,Hersh Jakoviljevic,8793622507,hjakoviljevicu@ameblo.jp
32,Eire,Greta Chainey,8463516452,gchaineyv@wordpress.org
33,Dabvine,Jeanine Pinckard,4216794839,jpinckardw@live.com
34,Topdrive,Pier Belshaw,5595602031,pbelshawx@unicef.org
35,Edgeify,Joyce Stonuary,9456461621,jstonuaryy@marketwatch.com
36,Gabtype,Sinclare Ockenden,5766599218,sockendenz@mysql.com
37,Aimbu,Elora Booton,3889233337,ebooton10@odnoklassniki.ru
38,Feedbug,Lefty Shinn,3911729299,lshinn11@youtu.be
39,Jabberstorm,Bord Tomaskov,6191707130,btomaskov12@wix.com
40,Yambee,Lemmy Pinnell,9693315543,lpinnell13@google.com
41,Dablist,Neala Feek,1381162476,nfeek14@mapy.cz
42,Centidel,Les Alejandre,3537129099,lalejandre15@bloomberg.com
43,Divanoodle,Bruce Glentz,3155051757,bglentz16@w3.org
44,Flipstorm,Shelia Penlington,9216347484,spenlington17@xing.com
45,Ntags,Alene Mussettini,9924994705,amussettini18@ycombinator.com
46,Realbuzz,Ephrem Tuny,7555439028,etuny19@rediff.com
47,Quire,Rozina Mandy,5021966338,rmandy1a@storify.com
48,Zoomlounge,Fransisco Horsfield,2859241948,fhorsfield1b@jugem.jp
49,Livepath,Alvinia McKeand,1089223656,amckeand1c@slate.com
50,Flashdog,Craggy Wixey,4213317126,cwixey1d@studiopress.com
51,Oyope,Kain Gregersen,9476921827,kgregersen1e@patch.com
52,Katz,Enrica Jeakins,9674617761,ejeakins1f@example.com
53,Edgewire,Melany Sabberton,6176419252,msabberton1g@yellowpages.com
54,Bubbletube,Wendie Gotthard,8081823300,wgotthard1h@github.io
55,Ntag,Bartolemo Stratton,4802070948,bstratton1i@ox.ac.uk
56,Yoveo,Liuka Fray,4516243283,lfray1j@howstuffworks.com
57,Jaloo,Carlye Gilstoun,2333648705,cgilstoun1k@reference.com
58,Twitternation,Susette Purchall,6027132695,spurchall1l@stumbleupon.com
59,Brainsphere,Gavin O'Brallaghan,7015373124,gobrallaghan1m@ucla.edu
60,Rhyloo,Lyndell Grundey,8718269827,lgrundey1n@360.cn
61,Gabspot,Damon Ridgway,5239113206,dridgway1o@sogou.com
62,Tagfeed,Sebastien Penhaligon,9559149571,spenhaligon1p@booking.com
63,Ntag,Pearla Bussen,8521915009,pbussen1q@nps.gov
64,Oloo,Pincas Kidsley,2491306290,pkidsley1r@reddit.com
65,Blogspan,Garreth Snozzwell,2154035971,gsnozzwell1s@bigcartel.com
66,Demivee,Stearn Denyakin,6147531135,sdenyakin1t@rambler.ru
67,Livepath,Annnora Smorthit,8669892129,asmorthit1u@indiegogo.com
68,Mydeo,Enrica Brabban,5529347151,ebrabban1v@oaic.gov.au
69,Jatri,Corly O'Feeney,1928038626,cofeeney1w@buzzfeed.com
70,Quamba,Frank Boden,4588268717,fboden1x@weebly.com
71,Lazzy,Hope Signoret,5141224054,hsignoret1y@dot.gov
72,Eadel,Nadya Sangra,6772554603,nsangra1z@cafepress.com
73,Kazu,Zsazsa Wilcinskis,9948070844,zwilcinskis20@squarespace.com
74,Jaxbean,Mead Ballinger,2689271538,mballinger21@npr.org
75,Plambee,Bobby Kubas,4178634451,bkubas22@eepurl.com
76,Lazzy,Eartha Clamp,8366609641,eclamp23@arstechnica.com
77,Zoomlounge,Sibylle Downer,3269845854,sdowner24@networksolutions.com
78,Zoomcast,Madison Haly,7345617765,mhaly25@springer.com
79,Ntags,Megan Wayvill,5315447118,mwayvill26@addtoany.com
80,Gevee,Birk Crayton,9213516419,bcrayton27@army.mil
81,Demimbu,Nil Croisier,9799540781,ncroisier28@homestead.com
82,Jaxworks,Chase Le Fevre,3528894918,cle29@sogou.com
83,Aibox,Lynsey Mayler,6338102906,lmayler2a@wikipedia.org
84,Riffpedia,Cairistiona McEnteggart,7482432855,cmcenteggart2b@devhub.com
85,Brainverse,Angelica McKall,3752130142,amckall2c@reddit.com
86,Flipstorm,Rhett Scargill,7439301171,rscargill2d@state.gov
87,Skipstorm,Aloysia Glinde,7204187601,aglinde2e@google.co.uk
88,Demizz,Evin Clemendet,8722633332,eclemendet2f@ebay.co.uk
89,Vimbo,Dolorita Farnhill,7753030421,dfarnhill2g@t.co
90,Kare,Gerek Hedling,5897516073,ghedling2h@nytimes.com
91,Fivechat,Sondra Swinden,7295056032,sswinden2i@oracle.com
92,Quinu,Yul Sivorn,9493293240,ysivorn2j@whitehouse.gov
93,Realbridge,Birch Papps,2586205439,bpapps2k@mashable.com
94,Thoughtbridge,Umberto Reeders,7282638924,ureeders2l@1und1.de
95,Jetwire,Margarita Lotwich,7877795616,mlotwich2m@themeforest.net
96,Youopia,Levi Najafian,6736446964,lnajafian2n@netvibes.com
97,Aivee,Dniren Buxey,3968423086,dbuxey2o@army.mil
98,Gabvine,Findlay Andor,9066610588,fandor2p@sakura.ne.jp
99,Quinu,Brigitte Avrahamov,7879009668,bavrahamov2q@unicef.org
100,Youopia,Audy Laden,6649634252,aladen2r@photobucket.com
101,Livetube,Charmion Keddle,2634642728,ckeddle2s@army.mil
102,Linkbridge,Mechelle Francombe,5562603520,mfrancombe2t@friendfeed.com
103,Ainyx,Donna Blum,9527169313,dblum2u@istockphoto.com
104,Skaboo,Dane Towlson,1258920218,dtowlson2v@buzzfeed.com
105,Teklist,Daron Hugin,4024626617,dhugin2w@rediff.com
106,Twitternation,Ross Ranyelld,6375277644,rranyelld2x@virginia.edu
107,Thoughtsphere,Selia Joliffe,5364117968,sjoliffe2y@geocities.com
108,Kimia,Waverly Connachan,3809483683,wconnachan2z@livejournal.com
109,Npath,Sibylla Skerratt,5519044615,sskerratt30@cbsnews.com
110,DabZ,Stavro MacCosty,2215601655,smaccosty31@chronoengine.com
111,Npath,Dore Depke,9823071190,ddepke32@skype.com
112,Voomm,Elianore Feldheim,2616230425,efeldheim33@artisteer.com
113,Pixope,Tiertza Begg,8712216386,tbegg34@people.com.cn
114,Plambee,Amelina Petricek,6626024128,apetricek35@google.com.hk
115,Yadel,Cleo Panons,7941051036,cpanons36@bravesites.com
116,Riffwire,Delly Shawcroft,4634998039,dshawcroft37@goodreads.com
117,Camido,Glenine Attwater,1408862466,gattwater38@ca.gov
118,Bubblemix,Andra Marzelo,1453368291,amarzelo39@dell.com
119,Voomm,Evey Batcheldor,6781978908,ebatcheldor3a@dell.com
120,Twinder,Tilly Iron,2053489318,tiron3b@huffingtonpost.com
121,Buzzster,Lenna Phayre,4289654422,lphayre3c@mashable.com
122,Bubbletube,Theodora Leibold,5593675593,tleibold3d@yahoo.com
123,Jabbercube,Barnebas Jurn,8777539231,bjurn3e@ocn.ne.jp
124,Yacero,Aeriela Veronique,3942137535,averonique3f@people.com.cn
125,Browseblab,Marchall Paskins,8962410852,mpaskins3g@wordpress.com
126,Buzzshare,Penrod De Zamudio,8791118879,pde3h@nytimes.com
127,Topiclounge,Gale Reims,6409408960,greims3i@typepad.com
128,Skivee,Wiatt Kift,7354322499,wkift3j@joomla.org
129,Ailane,Elfie Warbeys,2872682395,ewarbeys3k@woothemes.com
130,Topicstorm,Port Reddle,7666382046,preddle3l@123-reg.co.uk
131,Feedfire,Frederik Roake,1249440438,froake3m@google.pl
132,Gabspot,Gaby Arnott,6001711878,garnott3n@wikipedia.org
133,LiveZ,Renado McFayden,1441484704,rmcfayden3o@liveinternet.ru
134,Trilia,Frederik Redfern,4454891538,fredfern3p@stanford.edu
135,Yozio,Hube Worts,6162146005,hworts3q@oakley.com
136,Twitterworks,Fawn Airds,8755852359,fairds3r@paypal.com
137,Brainbox,Austin Nunnery,1604784718,anunnery3s@springer.com
138,Youopia,Wendie Edleston,3977384079,wedleston3t@home.pl
139,Topicstorm,Corbie Lamplugh,8633399481,clamplugh3u@wired.com
140,Chatterpoint,Barrie Beal,2025944303,bbeal3v@etsy.com
141,Dablist,Keary Le Page,7393629254,kle3w@vkontakte.ru
142,Quaxo,Aleece Balchin,5534531651,abalchin3x@netlog.com
143,Kwideo,Bernadine Adderson,9776280531,badderson3y@jimdo.com
144,Blogpad,Lamond McAllan,7256247168,lmcallan3z@wordpress.org
145,Eimbee,Salomi Gethings,6101393473,sgethings40@theguardian.com
146,Voolith,Norbie Bertot,5091409279,nbertot41@yellowbook.com
147,Brainlounge,Devan MacCaughey,8891787737,dmaccaughey42@tumblr.com
148,Skidoo,Mignon Rickards,1626641639,mrickards43@mlb.com
149,Muxo,Jania Trice,6366576867,jtrice44@fotki.com
150,Divape,Arlan Cordell,7507185656,acordell45@whitehouse.gov
151,Zoozzy,Vannie Lowcock,3143616227,vlowcock46@geocities.com
152,Geba,Rosy Pedersen,6623345044,rpedersen47@tinyurl.com
153,Kimia,Curcio Lawrance,6398485660,clawrance48@ed.gov
154,Browsecat,Ralina Boustead,3526349716,rboustead49@de.vu
155,Jaxnation,Lynde Lehrian,1433503613,llehrian4a@dropbox.com
156,Browsebug,Xylina Flintoffe,6106423497,xflintoffe4b@i2i.jp
157,Twitterlist,Danice Gladdolph,9011615256,dgladdolph4c@cornell.edu
158,Blogtag,Lilly Seery,7701022347,lseery4d@ihg.com
159,Voomm,Guillermo Joire,8476714685,gjoire4e@biblegateway.com
160,Topiczoom,Cory Simunek,9873348555,csimunek4f@pagesperso-orange.fr
161,Divape,Arabel Erratt,1887609568,aerratt4g@freewebs.com
162,Izio,Jamaal Sillick,4892338852,jsillick4h@uol.com.br
163,Topdrive,Catherin Hellier,7637567297,chellier4i@washington.edu
164,Meedoo,Carmelle Langstone,1925249355,clangstone4j@gnu.org
165,Skimia,Deeanne Vankeev,9354216646,dvankeev4k@paginegialle.it
166,Bubbletube,Marcus Cockerill,9321480167,mcockerill4l@macromedia.com
167,Tagpad,Darya Arpur,3078127366,darpur4m@patch.com
168,Gabtype,Claribel Rhelton,5672252805,crhelton4n@imdb.com
169,Zoombox,Twyla Gerger,9548879955,tgerger4o@dell.com
170,Realblab,Alanna Bithell,8125769483,abithell4p@bbc.co.uk
171,Lazz,Janenna Ankrett,2489440003,jankrett4q@hexun.com
172,Flashset,Yancy Siggens,1652401414,ysiggens4r@vkontakte.ru
173,Blogpad,Rafael Bangiard,7319641730,rbangiard4s@independent.co.uk
174,Thoughtsphere,Nickolaus Banbridge,2203131958,nbanbridge4t@jiathis.com
175,Yabox,Amandy Jagiela,6613485801,ajagiela4u@stumbleupon.com
176,Meeveo,Camellia Klimt,9402376350,cklimt4v@hud.gov
177,Feednation,Sal Kenn,1192932083,skenn4w@paginegialle.it
178,Edgewire,Mathe Kernocke,3543004264,mkernocke4x@fda.gov
179,Gabcube,Clevey Roth,6303741680,croth4y@privacy.gov.au
180,Twitterworks,Melitta Steade,7148430221,msteade4z@ning.com
181,Thoughtbridge,See Fonso,2198420059,sfonso50@freewebs.com
182,Vitz,Aguie Fierman,5555416693,afierman51@gov.uk
183,Livetube,Nessy Shakeshaft,5861930558,nshakeshaft52@bloglines.com
184,Linkbridge,Katey Brasener,8022271568,kbrasener53@pinterest.com
185,Wikibox,Gale Roofe,7586900999,groofe54@dailymail.co.uk
186,Gabtune,Ellynn Moylan,5037610491,emoylan55@wiley.com
187,Voomm,Alla Fannin,9965223540,afannin56@shop-pro.jp
188,Twitterlist,Farrand Sowersby,7437991786,fsowersby57@reference.com
189,Youtags,Doretta Lambert-Ciorwyn,3113227167,dlambertciorwyn58@histats.com
190,Rhycero,Dian Duckinfield,6752861090,dduckinfield59@booking.com
191,Yozio,Bunni Rottcher,6058036668,brottcher5a@admin.ch
192,Voomm,Nerty Hasty,3255531473,nhasty5b@wunderground.com
193,Wikivu,Jonell Bleibaum,3913600259,jbleibaum5c@wikispaces.com
194,Jabbertype,Berget Strangwood,4849380468,bstrangwood5d@redcross.org
195,Zoombox,Jo Quarles,5213957397,jquarles5e@facebook.com
196,Eire,Laughton Pensom,9862195295,lpensom5f@house.gov
197,Realcube,Reginauld Portman,3553652195,rportman5g@posterous.com
198,Photolist,Demetri Piscot,4331067262,dpiscot5h@thetimes.co.uk
199,Tagopia,Jorge Hyne,2494392866,jhyne5i@reverbnation.com
200,Leexo,Meade Sola,3992018005,msola5j@whitehouse.gov
201,Bubbletube,Flynn Ianetti,7306163227,fianetti5k@tmall.com
202,Oyope,Kriste Toynbee,5008041417,ktoynbee5l@gmpg.org
203,Mycat,Arch Peeter,5377459202,apeeter5m@newsvine.com
204,Twitterwire,Constantin Odams,9821951411,codams5n@reference.com
205,Avaveo,Norris Munt,1145184077,nmunt5o@fema.gov
206,Wikido,Clair Lorenzin,8656053907,clorenzin5p@angelfire.com
207,Aimbo,Wynnie Tregidgo,1745154838,wtregidgo5q@yandex.ru
208,Tekfly,Clarine Thames,8218763051,cthames5r@unesco.org
209,Rooxo,Mia Sparshatt,2934154787,msparshatt5s@over-blog.com
210,Tambee,Trumann MacFadden,6055051174,tmacfadden5t@foxnews.com
211,Riffwire,Salmon Unwins,2618242945,sunwins5u@privacy.gov.au
212,Meetz,Erich Sterling,1279345213,esterling5v@reuters.com
213,Topicblab,Odell Bales,8499695310,obales5w@github.io
214,Kimia,Sonja Playfair,9559621645,splayfair5x@china.com.cn
215,Voonte,Marion Pic,7774425591,mpic5y@opera.com
216,Bubblemix,Kalvin Hatrick,8079734853,khatrick5z@archive.org
217,Trilith,Germain Copelli,5136446231,gcopelli60@businessinsider.com
218,Rhycero,Cchaddie Kinchington,7303815557,ckinchington61@buzzfeed.com
219,Rhycero,Charmain Screwton,6756146087,cscrewton62@usatoday.com
220,Buzzbean,Alejandra Elson,4838084114,aelson63@newyorker.com
221,Yombu,Pooh Baxill,3767448994,pbaxill64@yandex.ru
222,Edgeclub,Staford Barde,3303701471,sbarde65@xing.com
223,Photobug,Kaiser Gommery,9074054046,kgommery66@fda.gov
224,Oloo,Mareah Eglaise,6967806261,meglaise67@dell.com
225,Meedoo,Wyndham Sneden,8982176801,wsneden68@time.com
226,Dabfeed,Bethena Methley,6035739184,bmethley69@noaa.gov
227,Livefish,Chauncey Toderini,8521107690,ctoderini6a@berkeley.edu
228,Twinte,Alane Fidilis,4109585830,afidilis6b@whitehouse.gov
229,Gabtype,Camel Bonnette,2336828800,cbonnette6c@typepad.com
230,Yakijo,Horton MacGarrity,1059584580,hmacgarrity6d@github.com
231,Oyondu,Ardine McKeaveney,7663910370,amckeaveney6e@walmart.com
232,Roodel,Beilul McReath,1408434998,bmcreath6f@surveymonkey.com
233,Bluezoom,Rossy McKoy,1847660556,rmckoy6g@nymag.com
234,Voonte,Betsy Cavalier,8734848458,bcavalier6h@lycos.com
235,Demizz,Hank Haestier,2427673677,hhaestier6i@ustream.tv
236,Twinte,Uta Payton,8147442658,upayton6j@hubpages.com
237,Skibox,Marabel Trattles,9181653964,mtrattles6k@csmonitor.com
238,Tagcat,Jamima Menpes,7588910116,jmenpes6l@cam.ac.uk
239,Centidel,Emlyn Domesday,1161278788,edomesday6m@va.gov
240,Flashpoint,Urbanus Snelling,8335416189,usnelling6n@geocities.jp
241,Tagpad,Honoria Essery,6664661375,hessery6o@fastcompany.com
242,Jaxbean,Celka Licciardello,3174953841,clicciardello6p@va.gov
243,Tagopia,Merissa Caulton,1748626017,mcaulton6q@microsoft.com
244,Dynabox,Philomena Lyard,3619648503,plyard6r@sina.com.cn
245,Eimbee,Melisse Ingilson,4852652800,mingilson6s@home.pl
246,Jaxspan,Tomas Dallinder,8491578115,tdallinder6t@mashable.com
247,Flashspan,Ashbey Noorwood,6536271545,anoorwood6u@zimbio.com
248,Mydo,Dolley Matyja,6694321370,dmatyja6v@ustream.tv
249,Shufflebeat,Chloette Riche,5897917693,criche6w@spotify.com
250,Voonix,Chere Caddan,8111741803,ccaddan6x@opensource.org
251,Kanoodle,Skipp Ramalhete,9333409179,sramalhete6y@fastcompany.com
252,Topicblab,Marylin Morde,7856103197,mmorde6z@jugem.jp
253,Livetube,Andres Darch,2163283202,adarch70@businesswire.com
254,Fiveclub,Loy O'Fairy,6842006347,lofairy71@myspace.com
255,Wordware,Raul Sussams,3979819732,rsussams72@bloglines.com
256,Latz,Moise Dunbobbin,6919870514,mdunbobbin73@nih.gov
257,Brainverse,Amery Andrzejowski,8792594512,aandrzejowski74@ow.ly
258,Skinte,Jeniece Capenor,9516539554,jcapenor75@google.es
259,Yombu,Cissy Geare,1534614129,cgeare76@cornell.edu
260,Tagfeed,Verile Jakes,4277784655,vjakes77@utexas.edu
261,Wikivu,Steffie Frosch,9664134753,sfrosch78@uol.com.br
262,Cogilith,Tremaine Sparrow,1234177473,tsparrow79@yolasite.com
263,Kayveo,Gustavo Bunney,6696163970,gbunney7a@accuweather.com
264,Realpoint,Mira Piperley,2888705802,mpiperley7b@blogspot.com
265,Brainbox,Keven Dallyn,9518378808,kdallyn7c@omniture.com
266,BlogXS,Lance Rawlison,2297389573,lrawlison7d@barnesandnoble.com
267,Pixope,Marketa Scurrer,4269303565,mscurrer7e@mit.edu
268,Dabtype,Allie Bonifazio,3675069443,abonifazio7f@spotify.com
269,Buzzshare,Margaretta Peoples,1969584701,mpeoples7g@google.com
270,Npath,Osbourn Shermore,7571336454,oshermore7h@cbslocal.com
271,Yotz,Danyette Adamovsky,4768700214,dadamovsky7i@ehow.com
272,Browseblab,Shanna Coomber,9144361011,scoomber7j@npr.org
273,Buzzster,Gualterio Newburn,1426306980,gnewburn7k@sciencedaily.com
274,Viva,Perren Oluwatoyin,1192035226,poluwatoyin7l@washington.edu
275,Ooba,Cyb Derkes,3327064943,cderkes7m@hibu.com
276,Babbleset,Orsola McNaughton,9699932215,omcnaughton7n@google.cn
277,Fanoodle,Millie Wallbanks,8558014010,mwallbanks7o@alexa.com
278,Topiczoom,Antonietta Danilowicz,6725090573,adanilowicz7p@joomla.org
279,Oyoba,Mae Bredee,4177271320,mbredee7q@desdev.cn
280,Shuffledrive,Rolando Andreu,1277514376,randreu7r@google.ru
281,Lazz,Delaney Havoc,4442461538,dhavoc7s@noaa.gov
282,Brainbox,Caroline Laterza,6168730939,claterza7t@adobe.com
283,Quaxo,Tarrah Halfhide,2435961703,thalfhide7u@unc.edu
284,Jabbercube,Archy Guierre,7861753966,aguierre7v@mtv.com
285,Camido,Calvin Berkeley,9208452033,cberkeley7w@ed.gov
286,Skilith,Artus Pack,9417769118,apack7x@independent.co.uk
287,Photolist,Arin Ranken,5082404030,aranken7y@fda.gov
288,Twitterlist,Karolina Orthmann,9729677202,korthmann7z@yahoo.co.jp
289,Dynava,Bronson Phebee,8975469508,bphebee80@hc360.com
290,Ailane,Hana Samsonsen,1087136901,hsamsonsen81@seattletimes.com
291,Skivee,Lily Rehme,6085490198,lrehme82@craigslist.org
292,Oozz,Jasmina de Aguirre,6774021593,jde83@prnewswire.com
293,Tanoodle,Annaliese Scraney,7115801549,ascraney84@comsenz.com
294,Riffpedia,Aeriela Cicetti,4425591000,acicetti85@wired.com
295,Bubblemix,Peirce Kollaschek,9184754670,pkollaschek86@ifeng.com
296,Flashpoint,Rani Jarvie,2623162840,rjarvie87@rediff.com
297,Realblab,Gale Vamplus,9792805932,gvamplus88@naver.com
298,Photobean,Peyter D'Antoni,1108220678,pdantoni89@howstuffworks.com
299,Myworks,Gustaf Ritchley,9601910195,gritchley8a@gizmodo.com
300,Vinte,Ginni Castanares,8841856764,gcastanares8b@microsoft.com
301,Topdrive,Kimbra Maciaszczyk,7793847999,kmaciaszczyk8c@thetimes.co.uk
302,Flashdog,Madelyn Eades,7122768189,meades8d@posterous.com
303,Yata,Brandie Swanwick,5899474508,bswanwick8e@elegantthemes.com
304,Wordware,Batholomew Kenworth,4605498816,bkenworth8f@cloudflare.com
305,Zoombox,Conny Bonsale,5023180181,cbonsale8g@accuweather.com
306,Topicstorm,Garland Cammoile,8696620315,gcammoile8h@mediafire.com
307,Riffwire,Adiana Sherry,7383038204,asherry8i@t.co
308,Dabvine,Myrtle Janacek,6139824382,mjanacek8j@guardian.co.uk
309,Katz,Stormie Osmar,8123365254,sosmar8k@purevolume.com
310,Gigabox,Rockie Alessandrini,3848744398,ralessandrini8l@admin.ch
311,Buzzshare,Adena Whittington,8761709860,awhittington8m@jiathis.com
312,Realcube,Dilly Hawkyens,5052940802,dhawkyens8n@bandcamp.com
313,Jaloo,Eloise Humpatch,4911334492,ehumpatch8o@taobao.com
314,Snaptags,Vyky Radsdale,1719333035,vradsdale8p@soundcloud.com
315,Oyoloo,Alec Dagger,7502735749,adagger8q@unc.edu
316,Linkbridge,Tomas Crittal,9445425319,tcrittal8r@cloudflare.com
317,Skippad,Nancey Vayro,2276592749,nvayro8s@google.de
318,Kazio,Collete Tongs,4953024492,ctongs8t@bigcartel.com
319,Devpoint,Marylou Joincey,3642488422,mjoincey8u@hhs.gov
320,Camido,Kimmi Friday,6892058658,kfriday8v@squidoo.com
321,Janyx,Joannes Dowry,6268206127,jdowry8w@yahoo.co.jp
322,Trilith,Bride Kimbrey,3672137990,bkimbrey8x@wix.com
323,Aimbo,Cindie Mastrantone,7949850878,cmastrantone8y@4shared.com
324,Realpoint,Gail Haywood,8345427398,ghaywood8z@cnbc.com
325,Browseblab,Guillermo Nice,1667782997,gnice90@opera.com
326,Skajo,Jordain Felten,9383631626,jfelten91@networkadvertising.org
327,Cogibox,Saidee Keymar,8555608318,skeymar92@msu.edu
328,Flipstorm,Eugenia Berrisford,5855826270,eberrisford93@usatoday.com
329,Skippad,Tybalt Leverton,7608202525,tleverton94@creativecommons.org
330,Skinix,Clare Tarte,5498444949,ctarte95@ibm.com
331,Kazu,Bette Cradick,8747933743,bcradick96@adobe.com
332,Buzzdog,Temple felip,3228858961,tfelip97@privacy.gov.au
333,Myworks,Cathrine Gabb,4643657414,cgabb98@japanpost.jp
334,Skiba,Neill Caff,6462799644,ncaff99@shutterfly.com
335,Viva,Lucina Ossipenko,1018614939,lossipenko9a@vkontakte.ru
336,Dynazzy,Creighton Thewles,3354854465,cthewles9b@illinois.edu
337,Geba,Minda Hopfner,4882464260,mhopfner9c@berkeley.edu
338,Flashset,Carie Elsbury,6983049628,celsbury9d@mozilla.org
339,Gabtype,Lisabeth Maudsley,5044751101,lmaudsley9e@wufoo.com
340,Wikizz,Ketty Wardhaw,4273224199,kwardhaw9f@tmall.com
341,Digitube,Joceline Bogeys,6068034762,jbogeys9g@cargocollective.com
342,Snaptags,Rudiger Esch,3248674633,resch9h@wordpress.org
343,Yambee,Florance Blamire,7924945042,fblamire9i@stumbleupon.com
344,Eimbee,Xylia Housaman,3127286876,xhousaman9j@foxnews.com
345,Photobug,Kerby Schimaschke,2458190109,kschimaschke9k@tripadvisor.com
346,Kazu,Denis Sansbury,8068000653,dsansbury9l@mac.com
347,Demizz,Ben Benitti,7322637655,bbenitti9m@ovh.net
348,Devshare,Howie Scourgie,2351639006,hscourgie9n@ameblo.jp
349,Jaloo,Leelah Jerzycowski,9351992444,ljerzycowski9o@icq.com
350,Ntags,Dame Winward,1561387491,dwinward9p@yolasite.com
351,Livepath,Foss Canning,2679247636,fcanning9q@wufoo.com
352,Oba,Rhodie Gaskamp,5864230672,rgaskamp9r@archive.org
353,Gabspot,Kristel Cherry Holme,8101165805,kcherry9s@state.tx.us
354,Feedfish,Angeline Fyrth,4381239384,afyrth9t@cnn.com
355,Mymm,Valerye Norkett,6406010782,vnorkett9u@google.ru
356,Quamba,Sam Carbery,3639104042,scarbery9v@ameblo.jp
357,Skipstorm,Myrtice MacElroy,4356975737,mmacelroy9w@ucsd.edu
358,Yozio,Dayle Raynor,9316083984,draynor9x@nsw.gov.au
359,Feedfire,Dennis Elderton,9826852646,delderton9y@ucoz.com
360,Ozu,Karena Greenside,9268786770,kgreenside9z@reddit.com
361,Quimm,Ferguson Fotherby,7564413432,ffotherbya0@ifeng.com
362,Skivee,Bobbe Risbridger,6644427277,brisbridgera1@free.fr
363,Meeveo,Waylin Leatt,9461240460,wleatta2@w3.org
364,Realbuzz,Constancy Planks,4129680067,cplanksa3@uiuc.edu
365,Bubblemix,Rick Domino,7953185560,rdominoa4@plala.or.jp
366,Dynava,Lanette Fetherston,8115890942,lfetherstona5@last.fm
367,Wordtune,Wendeline Rhys,5626518449,wrhysa6@cloudflare.com
368,Quatz,Jennilee Kempster,3311022014,jkempstera7@sina.com.cn
369,Browsecat,Neall Corkhill,3043750483,ncorkhilla8@google.cn
370,Yakitri,Bax Orritt,2788140754,borritta9@cpanel.net
371,Twitternation,Charles Sitch,2562398092,csitchaa@buzzfeed.com
372,Rhynyx,Diane-marie Menichi,5297582049,dmenichiab@vistaprint.com
373,Innojam,Munmro Pidgeley,8129394328,mpidgeleyac@jalbum.net
374,Wikizz,Mei Pethrick,1457285850,mpethrickad@over-blog.com
375,Feedbug,Giulio Swyne,9984774800,gswyneae@oracle.com
376,Riffpedia,Tanner MacNeilley,3798502166,tmacneilleyaf@usa.gov
377,Latz,Nada Sherrard,2138555972,nsherrardag@furl.net
378,Thoughtstorm,Rubi Moffet,6046176527,rmoffetah@discovery.com
379,Gigaclub,Michel Blaase,1705469215,mblaaseai@privacy.gov.au
380,Eidel,Bar Dransfield,6856527904,bdransfieldaj@unc.edu
381,Kwideo,Sukey Blore,4235718658,sbloreak@toplist.cz
382,Realbridge,Andromache Habert,2846564204,ahabertal@ning.com
383,Youspan,Vernon McGrann,4722123942,vmcgrannam@deliciousdays.com
384,Tagcat,Natalie De la Perrelle,3914898592,ndean@ebay.com
385,Skaboo,Rosabella Shelf,8168106679,rshelfao@etsy.com
386,Edgeify,Ripley Figg,5627909228,rfiggap@live.com
387,Zoombox,Cherice Freckelton,1115862895,cfreckeltonaq@house.gov
388,Fivespan,Lyman Scamadine,8506032675,lscamadinear@bbc.co.uk
389,Oodoo,Kippie McKelvie,4489526162,kmckelvieas@chronoengine.com
390,Browsecat,Leontyne Benns,5369740892,lbennsat@lulu.com
391,Jabberbean,Inna Rappaport,4861373281,irappaportau@ovh.net
392,Wordtune,Gustavo MacDuffie,8797379702,gmacduffieav@livejournal.com
393,Bubblemix,Jerrilee Prydie,1959347956,jprydieaw@list-manage.com
394,Shuffletag,Decca Gorcke,8638438851,dgorckeax@chicagotribune.com
395,Janyx,Jeane Maddyson,5848368676,jmaddysonay@state.tx.us
396,Babblestorm,Dmitri Pendall,4454040963,dpendallaz@who.int
397,Youbridge,Arnaldo Baldree,8496111147,abaldreeb0@people.com.cn
398,Brainsphere,Willard Dominguez,3605081255,wdominguezb1@privacy.gov.au
399,Divanoodle,Isa Roskruge,3799578068,iroskrugeb2@typepad.com
400,Thoughtmix,Clim Burgis,6142004226,cburgisb3@addtoany.com
401,Fivespan,Milicent Mabb,6103333735,mmabbb4@buzzfeed.com
402,Bubbletube,Karney Pedder,6538112101,kpedderb5@jugem.jp
403,Omba,Chrotoem Shoulders,7224378746,cshouldersb6@163.com
404,Katz,Verina Vassie,8754886077,vvassieb7@spiegel.de
405,Mycat,Ayn Patemore,3166671837,apatemoreb8@washingtonpost.com
406,Gigazoom,Melvyn Goomes,4281817878,mgoomesb9@cnet.com
407,Brainsphere,Ron Gorse,8966046206,rgorseba@creativecommons.org
408,Twimbo,Stella Yokelman,6362591075,syokelmanbb@sciencedaily.com
409,Dabfeed,Maible Hubbucks,4061756316,mhubbucksbc@youtu.be
410,Wikibox,Ashlin Farquar,5041439637,afarquarbd@vkontakte.ru
411,Bubbletube,Janifer Rosnau,3771596452,jrosnaube@ow.ly
412,Gigazoom,Kandy Dohms,2735542046,kdohmsbf@msn.com
413,Linkbuzz,Evangelin Brownlea,3242771453,ebrownleabg@ibm.com
414,Thoughtbridge,Bernadine Delacote,2243340080,bdelacotebh@vinaora.com
415,Eazzy,Lauralee Bresner,8551192126,lbresnerbi@ed.gov
416,Pixope,Virgil Sampson,8079430467,vsampsonbj@reference.com
417,Yodoo,Bald Barnewell,7931454100,bbarnewellbk@dot.gov
418,Innotype,Jo ann Cluitt,6929492862,jannbl@bing.com
419,Teklist,Marci Bousler,4727780586,mbouslerbm@geocities.com
420,Yabox,Ginevra Purkiss,6162464928,gpurkissbn@webnode.com
421,Bubbletube,Kristy Chucks,3762240604,kchucksbo@quantcast.com
422,Oyondu,Boony Gilham,9484280876,bgilhambp@sogou.com
423,Kwilith,Wynne Morrilly,4733987107,wmorrillybq@buzzfeed.com
424,Mydeo,Melitta Morgan,8568620341,mmorganbr@bigcartel.com
425,Zoonoodle,Judith Humblestone,3829286291,jhumblestonebs@macromedia.com
426,Skivee,Bear MacKerley,5093826532,bmackerleybt@ameblo.jp
427,Meemm,Arny Tye,3959741470,atyebu@ihg.com
428,Bubblemix,Webb Conant,2605771237,wconantbv@exblog.jp
429,Browsezoom,Viole Morad,4951388837,vmoradbw@twitter.com
430,Twinte,Wainwright MacDowall,4794010893,wmacdowallbx@dion.ne.jp
431,Flashpoint,Courtnay Duffil,6259623086,cduffilby@ihg.com
432,Demizz,Duffy Stayt,5825834530,dstaytbz@tripadvisor.com
433,Tagpad,Dorothy Miquelet,4534836933,dmiqueletc0@cloudflare.com
434,Gigabox,Lorinda Couronne,7221578509,lcouronnec1@wired.com
435,BlogXS,Sherry Meneur,6648846265,smeneurc2@taobao.com
436,Yacero,Trina Snowling,2487065465,tsnowlingc3@rambler.ru
437,Pixope,Marina Greaser,7515896243,mgreaserc4@issuu.com
438,Dablist,Nerte Piris,5298076408,npirisc5@trellian.com
439,Jayo,Cynthea Goodere,7804853470,cgooderec6@artisteer.com
440,Photojam,Laurena Layborn,4496207557,llaybornc7@devhub.com
441,Browsezoom,Penelope Lesslie,2876567819,plessliec8@purevolume.com
442,Feedspan,Laurella Etock,6887913338,letockc9@arizona.edu
443,Cogibox,Merna Geely,9374689693,mgeelyca@wisc.edu
444,Dabtype,Tonya Scarfe,9001273156,tscarfecb@nba.com
445,Avamm,Clarence Waddicor,4755417554,cwaddicorcc@homestead.com
446,Wikido,Vin Bastock,8881174206,vbastockcd@wsj.com
447,Browsecat,Sherlocke Sidgwick,4674183996,ssidgwickce@home.pl
448,Skidoo,Whitby Tokley,9298243778,wtokleycf@newsvine.com
449,Oyope,Amy Rollinson,3691597431,arollinsoncg@tamu.edu
450,Geba,Lita Gomes,1652425412,lgomesch@geocities.com
451,Plambee,Scarlet Ondrus,8525073030,sondrusci@japanpost.jp
452,Meevee,Wynny Cowdry,6293903889,wcowdrycj@whitehouse.gov
453,Edgewire,Armstrong Munton,9198623833,amuntonck@unesco.org
454,Voolith,Tam Dacca,8441288009,tdaccacl@technorati.com
455,Buzzdog,Kimmi Thireau,2407897517,kthireaucm@jalbum.net
456,Brainsphere,Erek Thurgood,9493168660,ethurgoodcn@icq.com
457,Jazzy,Abramo Rossoni,8532684729,arossonico@apple.com
458,Blogspan,Bernete Burtwistle,1861014885,bburtwistlecp@geocities.com
459,Dabtype,Clo Canti,4657368485,ccanticq@cnet.com
460,Rhybox,Bogart Ellissen,8658535499,bellissencr@dailymotion.com
461,Youopia,Piotr Fleote,2318512049,pfleotecs@washingtonpost.com
462,Meeveo,Thorvald Dameisele,7578067293,tdameiselect@shop-pro.jp
463,Skyba,Laurianne Alexandre,3546507555,lalexandrecu@statcounter.com
464,Youtags,Sylas O Sullivan,5646844942,socv@163.com
465,Dabtype,Marney Lethby,8862927107,mlethbycw@odnoklassniki.ru
466,Dynabox,Casper Whitbread,1102525197,cwhitbreadcx@about.me
467,Photobug,Malcolm Piggins,5869358614,mpigginscy@yellowpages.com
468,Tavu,Gillie Saxon,7435356847,gsaxoncz@washington.edu
469,Demivee,Rock Lapslie,2864936985,rlapslied0@xinhuanet.com
470,Gevee,Natty Lorait,7922997461,nloraitd1@ifeng.com
471,Feedmix,Wendye Draye,5645914643,wdrayed2@ycombinator.com
472,Muxo,Giorgia Byrcher,5118260291,gbyrcherd3@irs.gov
473,Edgepulse,Rourke Tetlow,6526491321,rtetlowd4@xing.com
474,Livetube,Jolie Pagelsen,5423720100,jpagelsend5@icq.com
475,Reallinks,Erinn Lanktree,8637287490,elanktreed6@statcounter.com
476,Demivee,Afton Carriage,3389579653,acarriaged7@wix.com
477,Abata,Frazier Dmitrovic,3935116509,fdmitrovicd8@myspace.com
478,Tavu,Roseanne Townsend,5582784952,rtownsendd9@ftc.gov
479,Yata,Mick Brewett,6245724473,mbrewettda@biglobe.ne.jp
480,Tambee,Buiron Manlow,8731360169,bmanlowdb@barnesandnoble.com
481,Ntag,Corella De Santos,2727966634,cdedc@huffingtonpost.com
482,Browsetype,Ric Harrismith,7342443983,rharrismithdd@uol.com.br
483,Cogidoo,Gian Lyosik,9979803743,glyosikde@paginegialle.it
484,Quinu,Ignatius Casine,1807216063,icasinedf@loc.gov
485,Thoughtmix,Thomasin Duggan,4125112489,tduggandg@disqus.com
486,Pixope,Thoma Mc Caghan,1049056123,tmcdh@umn.edu
487,Trilia,Susann Hugett,6926068684,shugettdi@yale.edu
488,Tavu,Randene Sweetman,3867033051,rsweetmandj@pen.io
489,Flipbug,Marney Rawle,8682026427,mrawledk@dell.com
490,Trudeo,Hope Somerfield,2249743646,hsomerfielddl@techcrunch.com
491,Trupe,Salomone Whytock,7153356094,swhytockdm@sciencedaily.com
492,Meejo,Lonee Huller,5176253158,lhullerdn@hostgator.com
493,Mynte,Giacobo Koba,7342165749,gkobado@cisco.com
494,Topicware,Bev Williamson,7971227915,bwilliamsondp@weebly.com
495,Edgewire,Kevon Bene,2792238599,kbenedq@opensource.org
496,Tanoodle,Barbey Ayre,4293431833,bayredr@sciencedirect.com
497,Edgewire,Vivyanne Sails,3868921910,vsailsds@webmd.com
498,Jetpulse,Sayer Metheringham,2378243781,smetheringhamdt@issuu.com
499,Gabcube,Erhart Kenner,3304518654,ekennerdu@cmu.edu
500,Flashspan,Stormy Tunnicliff,8721735411,stunnicliffdv@cbsnews.com
